,Rk,Player,Pos,Age,Tm,G,GS,MP,FG,FGA,FG%,3P,3PA,3P%,2P,2PA,2P%,eFG%,FT,FTA,FT%,ORB,DRB,TRB,AST,STL,BLK,TOV,PF,PTS,EFF,TS%,position,rising_stars
0,1,Precious Achiuwa,C-PF,24,TOT,30,0,16.6,2.8,6.2,0.449,0.5,1.7,0.269,2.3,4.5,0.519,0.487,0.8,1.4,0.571,2.0,3.1,5.1,1.5,0.6,0.5,1.0,1.5,6.9,9.6,0.506161971830986,,False
1,1,Precious Achiuwa,C,24,TOR,25,0,17.5,3.1,6.8,0.459,0.5,1.9,0.277,2.6,4.9,0.528,0.497,1.0,1.7,0.571,2.0,3.4,5.4,1.8,0.6,0.5,1.2,1.6,7.7,10.400000000000002,0.5100688924218336,Big,False
2,1,Precious Achiuwa,PF,24,NYK,5,0,12.0,1.2,3.4,0.353,0.2,1.0,0.2,1.0,2.4,0.417,0.382,0.0,0.0,0.0,2.0,1.6,3.6,0.4,0.2,0.6,0.4,1.0,2.6,4.8,0.3823529411764706,Big,False
3,2,Bam Adebayo,C,26,MIA,27,27,34.4,8.0,15.7,0.513,0.0,0.3,0.143,8.0,15.4,0.519,0.514,6.0,7.6,0.782,2.2,8.1,10.4,4.0,1.1,1.0,2.5,2.4,22.1,26.800000000000004,0.5802352446964923,Big,False
4,3,Ochai Agbaji,SG,23,UTA,39,10,20.3,2.4,5.3,0.444,1.1,3.1,0.339,1.3,2.2,0.593,0.543,0.3,0.4,0.733,0.8,1.7,2.5,1.0,0.6,0.5,0.7,1.5,6.1,6.999999999999999,0.5569758948137327,Backcourt,False
5,4,Santi Aldama,PF,23,MEM,29,5,23.2,3.9,9.0,0.438,1.6,4.6,0.341,2.4,4.4,0.539,0.525,1.0,1.6,0.609,1.3,4.2,5.5,1.7,0.7,0.7,1.1,1.6,10.4,12.200000000000001,0.5358615004122012,Big,True
6,5,Nickeil Alexander-Walker,SG,25,MIN,37,12,22.4,2.4,5.7,0.417,1.4,3.8,0.362,1.0,1.9,0.529,0.538,0.4,0.6,0.696,0.5,1.3,1.8,2.4,0.9,0.6,0.9,1.9,6.6,7.9,0.5533199195171026,Backcourt,False
7,6,Grayson Allen,SG,28,PHO,32,32,33.4,4.6,9.2,0.502,2.6,5.5,0.472,2.0,3.7,0.547,0.643,1.7,1.9,0.9,0.8,3.4,4.2,2.8,0.9,0.6,1.5,2.2,13.5,15.7,0.6725787166201674,Backcourt,False
8,7,Jarrett Allen,C,25,CLE,31,31,30.0,6.1,9.2,0.667,0.0,0.0,0.0,6.1,9.2,0.669,0.667,2.6,3.5,0.734,3.5,6.5,9.9,2.9,0.8,0.9,1.7,2.5,14.8,23.600000000000005,0.6890130353817506,Big,False
9,8,Jose Alvarado,PG,25,NOP,22,0,17.0,2.5,6.0,0.409,1.3,3.3,0.384,1.2,2.7,0.441,0.515,0.7,1.1,0.6,0.5,1.9,2.4,1.9,1.0,0.5,0.9,1.5,6.9,7.9,0.5320789636027144,Backcourt,False
10,9,Kyle Anderson,PF,30,MIN,37,2,23.1,2.6,5.6,0.469,0.1,0.7,0.12,2.5,4.9,0.516,0.476,1.4,2.1,0.697,0.7,3.0,3.7,3.9,0.8,0.7,1.5,1.5,6.8,10.7,0.5211526670754139,Big,False
11,10,Giannis Antetokounmpo,PF,29,MIL,36,36,35.2,11.7,19.2,0.607,0.4,1.8,0.238,11.3,17.5,0.644,0.618,7.7,11.4,0.676,2.7,8.8,11.5,5.9,1.3,1.2,3.6,2.9,31.4,36.49999999999999,0.6483316815328708,Big,False
12,11,Thanasis Antetokounmpo,PF,31,MIL,15,0,3.9,0.3,0.6,0.444,0.0,0.0,0.0,0.3,0.6,0.444,0.444,0.0,0.0,0.0,0.2,0.3,0.5,0.5,0.1,0.1,0.3,0.6,0.5,1.1,0.4166666666666667,Big,False
13,12,Cole Anthony,PG,23,ORL,36,0,24.8,4.7,10.7,0.44,1.3,3.8,0.346,3.4,6.9,0.492,0.501,3.2,3.8,0.847,1.1,3.3,4.4,3.4,0.7,0.4,1.8,2.8,13.9,14.399999999999995,0.5617523440025866,Backcourt,True
14,13,OG Anunoby,SF,26,TOT,32,32,33.3,5.8,11.6,0.497,2.2,5.8,0.384,3.6,5.8,0.61,0.593,1.2,1.6,0.731,1.1,3.0,4.1,2.4,1.1,0.4,1.5,2.5,15.0,15.3,0.609557867360208,Wing,False
15,13,OG Anunoby,SF,26,TOR,27,27,33.3,5.8,11.9,0.489,2.3,6.0,0.374,3.6,5.9,0.608,0.584,1.2,1.7,0.717,0.9,3.0,3.9,2.7,1.0,0.5,1.6,2.3,15.1,14.999999999999998,0.596932321315623,Wing,False
16,13,OG Anunoby,SF,26,NYK,5,5,33.4,5.6,10.2,0.549,2.0,4.4,0.455,3.6,5.8,0.621,0.647,1.0,1.2,0.833,2.0,3.0,5.0,1.0,1.4,0.2,0.8,3.4,14.2,16.199999999999996,0.6618195376584638,Wing,False
17,14,Ryan Arcidiacono,PG,29,NYK,14,0,2.4,0.0,0.4,0.0,0.0,0.4,0.0,0.0,0.0,0.0,0.0,0.0,0.0,0.0,0.0,0.4,0.4,0.2,0.1,0.0,0.0,0.3,0.0,0.30000000000000004,0.0,Backcourt,False
18,15,Deni Avdija,SF,23,WAS,37,37,27.1,4.5,9.1,0.499,1.0,2.7,0.356,3.6,6.4,0.559,0.552,2.0,2.7,0.75,1.1,4.9,5.9,3.8,1.0,0.3,1.7,2.4,12.1,16.1,0.5880637636080871,Wing,True
19,16,Deandre Ayton,C,25,POR,24,24,31.7,6.0,10.9,0.548,0.0,0.0,0.0,6.0,10.9,0.548,0.548,1.2,1.5,0.778,3.4,7.3,10.8,1.6,1.2,0.7,2.1,2.5,13.1,20.099999999999998,0.5666089965397924,Big,False
20,17,Udoka Azubuike,C,24,PHO,9,0,8.2,1.4,1.9,0.765,0.0,0.0,0.0,1.4,1.9,0.765,0.765,0.2,0.8,0.286,0.9,1.7,2.6,0.2,0.0,0.7,0.3,1.2,3.1,5.2,0.6882770870337479,Big,False
21,18,Ibou Badji,C,21,POR,8,1,14.9,0.9,1.6,0.538,0.0,0.0,0.0,0.9,1.6,0.538,0.538,0.4,0.8,0.5,1.8,2.3,4.0,0.8,0.3,1.3,1.0,3.3,2.1,6.3999999999999995,0.5379098360655737,Big,False
22,19,Marvin Bagley III,C,24,DET,25,10,18.6,4.1,7.0,0.589,0.0,0.2,0.167,4.1,6.8,0.604,0.591,1.9,2.3,0.825,1.8,2.8,4.6,1.0,0.2,0.6,1.2,1.5,10.2,12.099999999999998,0.6365451822266599,Big,False
23,20,Amari Bailey,PG,19,CHO,2,0,5.5,1.0,3.0,0.333,0.0,1.0,0.0,1.0,2.0,0.5,0.333,0.5,1.0,0.5,1.0,0.0,1.0,0.0,0.0,0.0,0.5,0.0,2.5,0.5,0.3633720930232558,Backcourt,False
24,21,Patrick Baldwin Jr.,SF,21,WAS,9,0,5.8,0.6,1.8,0.313,0.3,0.8,0.429,0.2,1.0,0.222,0.406,0.4,0.4,1.0,0.2,1.0,1.2,0.3,0.0,0.1,0.1,0.6,1.9,2.1999999999999993,0.4807692307692307,Wing,False
25,22,LaMelo Ball,PG,22,CHO,15,15,33.4,8.8,19.9,0.443,3.5,8.9,0.388,5.3,10.9,0.488,0.53,3.6,4.2,0.857,1.5,3.9,5.5,8.2,1.4,0.3,3.9,3.5,24.7,24.499999999999996,0.5678683097296303,Backcourt,True
26,23,Mo Bamba,C,25,PHI,23,0,8.4,1.5,2.8,0.538,0.3,0.7,0.5,1.2,2.1,0.551,0.6,0.6,0.8,0.684,1.3,1.7,3.0,0.6,0.4,0.7,0.6,1.2,4.0,6.6,0.6345177664974619,Big,False
27,24,Paolo Banchero,PF,21,ORL,37,37,35.0,8.1,17.7,0.458,1.5,4.0,0.381,6.6,13.7,0.48,0.501,5.2,7.4,0.703,1.2,5.9,7.1,4.8,1.1,0.6,3.3,2.2,22.9,21.4,0.5463828974995227,Big,True
28,25,Desmond Bane,SG,25,MEM,36,36,34.9,9.1,19.0,0.477,3.3,8.7,0.382,5.8,10.3,0.558,0.565,3.2,3.7,0.865,0.9,3.7,4.7,5.4,1.0,0.6,2.8,2.9,24.7,23.2,0.5987007950358736,Backcourt,False
29,26,Dalano Banton,PG,24,BOS,18,1,6.8,0.9,1.9,0.486,0.1,0.5,0.111,0.9,1.4,0.615,0.5,0.7,0.8,0.857,0.6,1.1,1.7,0.4,0.1,0.1,0.5,1.0,2.6,3.2999999999999994,0.5772646536412079,Backcourt,False
30,27,Dominick Barlow,PF,20,SAS,14,0,10.5,1.4,3.1,0.465,0.1,0.3,0.25,1.4,2.8,0.487,0.477,0.4,0.6,0.667,0.9,1.8,2.6,0.9,0.4,0.4,0.2,1.4,3.4,5.6000000000000005,0.5053507728894173,Big,False
31,28,Harrison Barnes,PF,31,SAC,37,37,29.3,3.7,7.7,0.477,1.8,4.3,0.413,1.9,3.4,0.56,0.593,1.8,2.3,0.798,0.9,2.0,2.9,1.3,0.7,0.2,0.7,1.3,10.9,10.8,0.6255739210284665,Big,False
32,29,Scottie Barnes,SG,22,TOR,38,38,35.1,7.7,16.0,0.481,2.2,5.7,0.38,5.5,10.3,0.537,0.549,2.9,3.8,0.766,2.3,6.2,8.6,5.7,1.4,1.4,2.4,2.1,20.4,25.900000000000002,0.5771842462652783,Backcourt,True
33,30,RJ Barrett,SG,23,TOT,32,32,30.1,6.6,14.7,0.452,1.8,4.9,0.367,4.8,9.7,0.495,0.514,3.8,4.7,0.82,0.8,4.0,4.8,2.6,0.5,0.3,1.9,2.1,18.9,16.200000000000003,0.5635734732824427,Backcourt,True
34,30,RJ Barrett,SG,23,NYK,26,26,29.5,6.3,14.9,0.423,1.7,5.0,0.331,4.7,9.9,0.469,0.478,4.0,4.8,0.831,0.7,3.5,4.3,2.4,0.5,0.3,1.8,1.7,18.2,14.499999999999996,0.5349165295085822,Backcourt,True
35,30,RJ Barrett,SG,23,TOR,6,6,33.0,8.0,13.5,0.593,2.5,4.7,0.536,5.5,8.8,0.623,0.685,3.3,4.3,0.769,1.0,5.8,6.8,3.5,0.7,0.2,2.5,3.5,21.8,24.000000000000007,0.7081600831600832,Backcourt,True
36,31,Charles Bassey,C,23,SAS,19,0,10.8,1.5,2.1,0.725,0.0,0.1,0.0,1.5,2.1,0.744,0.725,0.3,0.3,0.833,1.2,2.8,4.0,1.1,0.4,0.9,0.8,1.6,3.3,8.3,0.7392473118279569,Big,False
37,32,Emoni Bates,SF,20,CLE,10,0,7.6,0.6,2.5,0.24,0.5,2.0,0.25,0.1,0.5,0.2,0.34,0.1,0.2,0.5,0.1,0.9,1.0,0.6,0.1,0.2,0.1,0.5,1.8,1.6,0.34775888717156106,Wing,False
38,33,Keita Bates-Diop,SF,28,PHO,27,8,17.0,1.7,4.3,0.385,0.5,1.9,0.28,1.1,2.5,0.463,0.444,0.9,1.3,0.735,0.8,2.1,2.9,0.9,0.7,0.6,0.2,1.1,4.8,6.699999999999998,0.49261083743842365,Wing,False
39,34,Nicolas Batum,PF,35,TOT,25,18,24.2,1.9,3.8,0.5,1.2,2.9,0.431,0.7,1.0,0.708,0.661,0.4,0.6,0.643,1.0,2.7,3.6,2.2,0.6,0.8,0.6,1.9,5.4,9.9,0.6643700787401575,Big,False
40,34,Nicolas Batum,PF,35,LAC,3,0,18.0,1.0,2.7,0.375,0.7,2.3,0.286,0.3,0.3,1.0,0.5,0.0,0.0,0.0,0.0,2.3,2.3,1.7,1.0,1.3,0.3,1.7,2.7,7.0,0.5,Big,False
41,34,Nicolas Batum,PF,35,PHI,22,18,25.0,2.0,4.0,0.511,1.3,3.0,0.446,0.7,1.0,0.696,0.676,0.4,0.6,0.643,1.1,2.7,3.8,2.2,0.6,0.7,0.7,1.9,5.8,10.200000000000001,0.6801125703564728,Big,False
42,35,Bradley Beal,SG,30,PHO,13,13,30.8,6.3,13.2,0.48,1.0,3.3,0.302,5.3,9.8,0.539,0.518,2.8,3.5,0.783,0.7,3.2,3.8,3.8,0.7,0.5,2.2,2.5,16.4,15.400000000000002,0.5563093622795116,Backcourt,False
43,36,Malik Beasley,SG,27,MIL,35,35,29.0,4.2,8.5,0.49,2.9,6.2,0.477,1.2,2.3,0.524,0.663,0.2,0.3,0.667,0.6,3.4,4.1,1.3,0.7,0.1,0.7,2.0,11.5,12.6,0.6661260426320668,Backcourt,False
44,37,MarJon Beauchamp,SF,23,MIL,32,1,15.6,2.0,4.1,0.492,0.8,1.9,0.417,1.2,2.2,0.557,0.588,0.4,0.6,0.6,0.6,1.9,2.5,0.8,0.3,0.2,0.7,1.4,5.2,6.0,0.5957836846929423,Wing,False
45,38,Jules Bernard,SG,24,WAS,2,0,5.0,0.5,2.5,0.2,0.0,1.5,0.0,0.5,1.0,0.5,0.2,0.0,0.0,0.0,0.5,0.0,0.5,0.5,0.0,0.0,0.5,0.5,1.0,-0.5,0.2,Backcourt,False
46,39,D?vis Bert?ns,PF,31,OKC,12,0,6.9,0.8,2.0,0.375,0.8,1.8,0.409,0.0,0.2,0.0,0.563,1.2,1.3,0.933,0.2,0.7,0.8,0.7,0.2,0.2,0.1,0.8,3.4,3.9,0.6609642301710731,Big,False
47,40,Patrick Beverley,PG,35,PHI,35,1,17.5,1.8,4.1,0.441,0.7,2.1,0.319,1.2,2.1,0.562,0.521,0.9,1.1,0.775,0.7,2.1,2.8,2.3,0.5,0.3,0.7,1.7,5.2,7.900000000000001,0.5671902268760908,Backcourt,False
48,41,Saddiq Bey,SF,24,ATL,36,24,32.6,4.6,10.5,0.438,1.8,5.5,0.335,2.8,5.0,0.55,0.525,1.9,2.4,0.8,2.4,4.3,6.7,1.4,1.0,0.2,1.1,1.6,12.9,14.699999999999998,0.5581516095534786,Wing,False
49,42,Goga Bitadze,C,24,ORL,33,26,20.9,2.9,4.8,0.614,0.1,0.2,0.286,2.9,4.6,0.629,0.62,1.4,1.9,0.703,2.5,3.8,6.3,1.7,0.7,1.7,0.8,2.4,7.3,14.499999999999998,0.6476224272533712,Big,False
50,43,Onuralp Bitim,SG,24,CHI,1,0,3.0,0.0,0.0,0.0,0.0,0.0,0.0,0.0,0.0,0.0,0.0,0.0,0.0,0.0,0.0,0.0,0.0,0.0,0.0,0.0,0.0,0.0,0.0,0.0,0.0,Backcourt,False
51,44,Bismack Biyombo,C,31,MEM,30,27,23.9,2.2,4.0,0.563,0.0,0.0,0.0,2.2,4.0,0.563,0.563,0.7,1.5,0.478,1.9,4.5,6.4,1.7,0.3,1.1,1.3,2.7,5.2,10.8,0.5579399141630901,Big,False
52,45,Anthony Black,PG,20,ORL,35,28,20.0,1.9,4.0,0.489,0.5,1.5,0.353,1.4,2.5,0.568,0.554,0.6,1.0,0.629,0.6,1.9,2.5,1.8,0.7,0.4,1.1,2.1,5.0,6.800000000000001,0.563063063063063,Backcourt,False
53,46,Leaky Black,SF,24,CHO,8,0,5.8,0.6,1.0,0.625,0.1,0.3,0.5,0.5,0.8,0.667,0.688,0.0,0.0,0.0,0.3,0.6,0.9,0.5,0.3,0.4,0.1,0.3,1.4,2.9999999999999996,0.7,Wing,False
54,47,Bogdan Bogdanovi?,SG,31,ATL,34,2,28.3,6.3,14.6,0.432,3.3,8.9,0.369,3.0,5.7,0.531,0.544,1.7,1.9,0.894,0.5,2.7,3.2,2.7,1.4,0.2,1.0,2.5,17.6,15.599999999999998,0.5700958797615964,Backcourt,False
55,48,Bojan Bogdanovi?,PF,34,DET,19,18,33.7,7.2,15.3,0.467,3.0,7.4,0.407,4.2,7.9,0.523,0.565,2.5,3.3,0.746,0.7,3.1,3.7,2.7,1.1,0.1,2.4,2.2,19.8,16.1,0.5909742120343839,Big,False
56,49,Bol Bol,PF,24,PHO,11,0,6.3,1.4,1.8,0.75,0.3,0.5,0.6,1.1,1.4,0.8,0.825,0.2,0.3,0.667,0.6,1.3,1.9,0.4,0.1,0.4,0.5,0.8,3.2,5.0,0.8281573498964804,Big,False
57,50,Marques Bolden,C,25,MIL,2,0,1.5,0.0,0.0,0.0,0.0,0.0,0.0,0.0,0.0,0.0,0.0,0.0,0.0,0.0,0.0,1.0,1.0,0.0,0.0,0.0,0.0,0.5,0.0,1.0,0.0,Big,False
58,51,Devin Booker,PG,27,PHO,28,28,35.8,9.0,18.7,0.479,2.1,5.5,0.379,6.9,13.3,0.52,0.534,6.1,7.0,0.882,0.8,4.0,4.8,7.8,0.8,0.4,3.0,3.3,26.1,26.299999999999997,0.5991735537190083,Backcourt,False
59,52,Brandon Boston Jr.,SF,22,LAC,7,0,7.9,1.9,4.1,0.448,0.6,1.9,0.308,1.3,2.3,0.563,0.517,0.9,0.9,1.0,0.4,0.7,1.1,0.6,0.1,0.0,0.4,1.1,5.1,4.299999999999999,0.5671708185053381,Wing,False
60,53,Chris Boucher,PF,31,TOR,35,0,14.2,2.2,4.5,0.487,0.7,1.9,0.358,1.5,2.5,0.584,0.564,1.3,1.8,0.742,1.1,2.9,4.0,0.4,0.4,0.5,0.5,1.5,6.3,8.3,0.5952380952380952,Big,False
61,54,James Bouknight,SG,23,CHO,7,0,7.4,1.7,3.4,0.5,1.3,2.6,0.5,0.4,0.9,0.5,0.688,0.0,0.0,0.0,0.1,1.0,1.1,0.9,0.0,0.0,0.1,0.3,4.7,4.900000000000001,0.6911764705882354,Backcourt,False
62,55,Jamaree Bouyea,PG,24,POR,6,0,9.5,0.8,3.5,0.238,0.0,1.3,0.0,0.8,2.2,0.385,0.238,0.0,0.0,0.0,0.3,1.3,1.7,1.3,0.0,0.0,1.3,0.5,1.7,0.7,0.24285714285714285,Backcourt,False
63,56,Malaki Branham,PG,20,SAS,35,21,22.1,3.5,8.3,0.429,1.0,3.2,0.31,2.5,5.0,0.506,0.49,0.6,0.7,0.913,0.3,1.8,2.1,2.5,0.4,0.1,1.3,1.4,8.7,7.599999999999999,0.5053438661710037,Backcourt,False
64,57,Christian Braun,SG,22,DEN,39,0,19.7,3.0,6.4,0.466,0.7,1.9,0.384,2.3,4.5,0.5,0.522,1.3,1.8,0.732,0.7,2.8,3.5,1.7,0.4,0.4,0.7,1.6,8.0,9.4,0.5561735261401557,Backcourt,False
65,58,Mikal Bridges,SF,27,BRK,37,37,34.4,7.5,16.4,0.454,2.0,5.8,0.35,5.4,10.6,0.51,0.516,4.2,5.0,0.839,0.9,4.3,5.2,3.7,0.8,0.4,2.4,1.6,21.2,19.2,0.5698924731182796,Wing,False
66,59,Miles Bridges,SF,25,CHO,24,22,36.8,7.9,17.0,0.464,2.3,6.4,0.351,5.6,10.5,0.534,0.531,2.7,3.2,0.844,0.9,6.2,7.0,3.2,1.2,0.5,2.0,2.1,20.7,21.0,0.5622555410691004,Wing,False
67,60,Oshae Brissett,SF,25,BOS,21,0,11.9,1.1,2.7,0.429,0.4,1.2,0.32,0.8,1.5,0.516,0.5,0.8,1.2,0.615,1.2,1.9,3.1,0.5,0.5,0.0,0.2,1.2,3.4,5.3,0.5266418835192069,Wing,False
68,61,Malcolm Brogdon,PG,31,POR,29,16,26.8,5.4,12.4,0.435,2.1,5.2,0.413,3.2,7.2,0.45,0.521,2.0,2.6,0.776,0.7,2.7,3.4,5.2,0.7,0.1,1.4,1.2,14.9,15.299999999999999,0.5500590667454224,Backcourt,False
69,62,Armoni Brooks,PG,25,BRK,10,0,10.4,1.5,4.6,0.326,1.1,3.2,0.344,0.4,1.4,0.286,0.446,0.1,0.2,0.5,0.7,1.1,1.8,0.5,0.1,0.1,0.3,0.3,4.2,3.1999999999999997,0.4479522184300342,Backcourt,False
70,63,Dillon Brooks,SF,28,HOU,28,28,30.9,5.0,10.6,0.476,1.9,4.6,0.408,3.1,5.9,0.53,0.566,1.6,1.9,0.833,0.7,2.8,3.5,1.7,0.9,0.0,1.8,3.8,13.6,12.0,0.5946135012242042,Wing,False
71,64,Bruce Brown,SG,27,IND,31,31,29.9,4.4,9.3,0.471,1.0,3.1,0.313,3.4,6.2,0.549,0.522,2.1,2.5,0.835,0.6,4.0,4.6,2.9,1.0,0.3,1.2,2.5,11.9,14.2,0.5721153846153846,Backcourt,False
72,65,Charlie Brown Jr.,SG,26,NYK,3,0,1.7,0.3,1.3,0.25,0.3,1.0,0.333,0.0,0.3,0.0,0.375,0.0,0.0,0.0,0.0,0.0,0.0,0.0,0.0,0.0,0.7,0.0,1.0,-0.7,0.3846153846153846,Backcourt,False
73,66,Greg Brown III,PF,22,DAL,6,0,6.7,0.8,1.8,0.455,0.2,0.5,0.333,0.7,1.3,0.5,0.5,0.7,1.5,0.444,0.5,1.0,1.5,0.7,0.0,0.7,0.7,0.8,2.5,2.9000000000000004,0.508130081300813,Big,False
74,67,Jaylen Brown,SF,27,BOS,35,35,34.1,9.0,18.2,0.494,2.2,6.1,0.36,6.8,12.1,0.561,0.554,3.3,4.5,0.744,0.9,4.3,5.2,3.5,1.1,0.6,2.7,2.6,23.5,20.800000000000008,0.5822596630327057,Wing,False
75,68,Kendall Brown,SG,20,IND,1,0,1.0,0.0,0.0,0.0,0.0,0.0,0.0,0.0,0.0,0.0,0.0,0.0,0.0,0.0,0.0,0.0,0.0,0.0,0.0,0.0,0.0,0.0,0.0,0.0,0.0,Backcourt,False
76,69,Kobe Brown,PF,24,LAC,24,0,10.3,0.9,2.3,0.4,0.5,1.5,0.306,0.5,0.8,0.579,0.5,0.0,0.1,0.5,0.3,1.2,1.5,0.6,0.3,0.1,0.2,1.5,2.3,3.0999999999999988,0.49061433447098973,Big,False
77,70,Moses Brown,C,24,POR,9,4,9.1,1.0,2.3,0.429,0.0,0.0,0.0,1.0,2.3,0.429,0.429,0.0,0.4,0.0,2.0,3.1,5.1,0.2,0.2,0.3,0.4,1.2,2.0,5.699999999999999,0.4038772213247173,Big,False
78,71,Troy Brown Jr.,SF,24,MIN,32,3,12.0,1.5,3.4,0.444,0.9,2.4,0.368,0.6,1.0,0.625,0.574,0.6,0.7,0.864,0.4,1.7,2.1,0.9,0.3,0.1,0.5,0.7,4.5,5.4,0.6067961165048544,Wing,False
79,72,Jalen Brunson,PG,27,NYK,37,37,35.6,9.0,19.2,0.469,2.8,6.6,0.426,6.2,12.6,0.491,0.542,4.8,5.8,0.831,0.6,3.2,3.9,6.4,1.0,0.2,2.3,2.1,25.6,23.6,0.5884516366311144,Backcourt,False
80,73,Thomas Bryant,C,26,MIA,20,3,11.4,2.0,3.6,0.556,0.0,0.2,0.0,2.0,3.5,0.58,0.556,0.9,1.0,0.85,1.1,2.5,3.6,0.6,0.3,0.3,0.8,1.2,4.9,7.200000000000002,0.6064356435643564,Big,False
81,74,Kobe Bufkin,SG,20,ATL,2,0,2.0,0.0,1.5,0.0,0.0,0.5,0.0,0.0,1.0,0.0,0.0,0.5,1.0,0.5,0.5,0.5,1.0,0.0,0.0,0.0,0.0,0.0,0.5,-0.5,0.1288659793814433,Backcourt,False
82,75,Reggie Bullock,SF,32,HOU,15,0,8.6,0.8,2.1,0.387,0.5,1.5,0.364,0.3,0.6,0.444,0.516,0.1,0.1,1.0,0.1,1.0,1.1,0.5,0.1,0.1,0.2,0.5,2.2,2.5,0.5130597014925373,Wing,False
83,76,Alec Burks,SG,32,DET,31,0,19.2,3.3,8.8,0.376,1.9,5.2,0.37,1.4,3.6,0.384,0.485,2.6,3.0,0.882,0.5,1.9,2.3,1.4,0.4,0.2,0.7,1.4,11.2,8.9,0.5533596837944663,Backcourt,False
84,77,Jared Butler,SG,23,WAS,17,0,7.5,1.6,2.9,0.56,0.6,1.4,0.417,1.1,1.5,0.692,0.66,0.7,0.9,0.8,0.0,0.6,0.6,1.8,0.5,0.1,0.6,0.8,4.6,5.499999999999999,0.6978155339805825,Backcourt,False
85,78,Jimmy Butler,PF,34,MIA,24,24,33.6,6.5,14.0,0.464,0.8,2.2,0.377,5.7,11.8,0.481,0.494,7.1,8.1,0.881,1.9,3.2,5.0,4.5,1.0,0.4,1.8,1.1,21.0,21.599999999999998,0.5978137098610795,Big,False
86,79,Jamal Cain,PF,24,MIA,14,1,14.9,2.1,4.7,0.439,0.6,1.8,0.32,1.5,2.9,0.512,0.5,1.0,1.4,0.737,0.9,1.2,2.1,0.2,0.6,0.3,0.3,1.1,5.7,5.6000000000000005,0.536117381489842,Big,False
87,80,Kentavious Caldwell-Pope,SG,30,DEN,37,37,32.1,3.6,7.8,0.46,1.5,3.6,0.403,2.1,4.1,0.51,0.554,1.5,1.7,0.903,0.5,1.7,2.2,2.6,1.5,0.6,1.1,1.9,10.1,11.500000000000002,0.5907814693495554,Backcourt,False
88,81,Toumani Camara,PF,23,POR,35,26,25.0,2.6,6.4,0.411,0.9,2.9,0.297,1.8,3.5,0.504,0.478,0.9,1.4,0.673,2.0,3.0,5.0,1.0,1.0,0.5,1.2,2.8,7.1,9.1,0.5059863169897377,Big,False
89,82,Clint Capela,C,29,ATL,34,34,26.4,4.9,8.4,0.582,0.0,0.0,0.0,4.9,8.4,0.582,0.582,1.8,2.7,0.674,5.0,5.8,10.8,1.1,0.7,1.7,0.9,2.7,11.6,20.6,0.6049228201919065,Big,False
90,83,Jevon Carter,PG,28,CHI,38,0,14.4,2.0,5.5,0.359,1.2,3.5,0.336,0.8,2.0,0.4,0.467,0.1,0.1,0.6,0.1,0.6,0.7,1.2,0.6,0.3,0.5,1.2,5.2,4.0,0.46897546897546905,Backcourt,False
91,84,Wendell Carter Jr.,C,24,ORL,13,10,24.4,2.8,6.7,0.425,1.0,2.5,0.406,1.8,4.2,0.436,0.5,1.4,2.0,0.692,1.5,4.8,6.4,1.8,0.3,0.5,1.2,2.2,8.1,11.400000000000002,0.5343007915567282,Big,False
92,85,Alex Caruso,SG,29,CHI,32,20,24.9,3.5,7.1,0.493,1.6,4.0,0.409,1.9,3.1,0.6,0.608,1.3,1.7,0.759,1.1,2.4,3.5,2.5,1.3,0.8,1.3,2.4,9.9,12.7,0.6307339449541285,Backcourt,False
93,86,Colin Castleton,C,23,LAL,4,0,7.0,1.3,2.0,0.625,0.0,0.0,0.0,1.3,2.0,0.625,0.625,0.5,0.5,1.0,0.8,1.0,1.8,0.8,0.0,0.0,0.0,1.3,3.0,4.8999999999999995,0.6756756756756757,Big,False
94,87,Malcolm Cazalon,SG,22,DET,1,0,3.0,0.0,0.0,0.0,0.0,0.0,0.0,0.0,0.0,0.0,0.0,0.0,0.0,0.0,0.0,0.0,0.0,0.0,0.0,0.0,0.0,0.0,0.0,0.0,0.0,Backcourt,False
95,88,Julian Champagnie,SF,22,SAS,29,14,14.7,1.7,4.3,0.392,1.2,3.2,0.383,0.4,1.1,0.419,0.536,0.7,0.9,0.84,0.3,1.6,1.9,0.9,0.6,0.6,0.7,1.1,5.3,5.799999999999999,0.5643100511073254,Wing,False
96,89,Max Christie,SG,20,LAL,28,6,17.7,1.9,4.7,0.405,0.7,2.3,0.313,1.2,2.4,0.493,0.481,0.5,0.7,0.75,0.3,2.7,3.0,1.0,0.4,0.3,0.8,1.3,5.0,5.9,0.4992012779552716,Backcourt,False
97,90,Sidy Cissoko,SF,19,SAS,5,0,6.4,0.2,1.2,0.167,0.0,0.8,0.0,0.2,0.4,0.5,0.167,0.8,0.8,1.0,0.0,1.2,1.2,0.0,0.6,0.0,0.2,0.4,1.2,1.8,0.38659793814432986,Wing,False
98,91,Jordan Clarkson,SG,31,UTA,29,19,30.0,6.3,15.1,0.418,1.7,5.6,0.302,4.6,9.5,0.486,0.474,3.4,3.9,0.875,1.1,2.6,3.7,5.3,0.7,0.1,3.1,1.4,17.7,15.1,0.5262844909609895,Backcourt,False
99,92,Nic Claxton,C,24,BRK,27,27,28.1,5.2,8.1,0.641,0.0,0.0,1.0,5.2,8.1,0.639,0.643,1.7,2.9,0.597,3.2,6.7,9.9,1.8,0.5,2.4,1.1,2.5,12.2,21.6,0.6505972696245734,Big,False
100,93,Noah Clowney,PF,19,BRK,2,0,13.5,3.0,4.5,0.667,0.0,0.5,0.0,3.0,4.0,0.75,0.667,1.0,1.0,1.0,1.5,1.0,2.5,1.0,0.0,0.0,0.5,1.5,7.0,8.5,0.7085020242914979,Big,False
101,94,Amir Coffey,SF,26,LAC,25,6,15.2,1.5,3.0,0.5,0.5,1.6,0.325,1.0,1.4,0.694,0.586,0.5,0.6,0.867,0.4,1.2,1.6,0.7,0.2,0.0,0.4,1.1,4.1,4.6,0.628063725490196,Wing,False
102,95,John Collins,PF,26,UTA,35,33,28.3,5.4,10.9,0.496,1.4,3.7,0.377,4.0,7.2,0.558,0.56,1.8,2.4,0.759,2.0,5.6,7.6,0.9,0.6,0.8,1.5,2.6,14.0,16.3,0.585480093676815,Big,False
103,96,Zach Collins,C,26,SAS,31,23,26.1,4.9,10.0,0.495,1.1,3.5,0.312,3.8,6.5,0.595,0.55,2.0,2.5,0.792,1.9,4.1,6.0,3.3,0.6,0.8,2.3,3.4,12.9,15.7,0.5810810810810811,Big,False
104,97,Mike Conley,PG,36,MIN,36,36,29.3,3.8,8.2,0.458,2.4,5.2,0.455,1.4,3.0,0.463,0.602,1.3,1.4,0.941,0.3,2.4,2.7,6.3,1.0,0.1,1.1,1.7,11.2,15.700000000000001,0.6352087114337568,Backcourt,False
105,98,Pat Connaughton,SF,31,MIL,31,0,21.9,2.0,4.6,0.424,1.2,3.4,0.356,0.8,1.3,0.6,0.552,0.4,0.5,0.706,0.7,2.8,3.5,1.8,0.5,0.2,0.6,1.2,5.5,8.200000000000001,0.570539419087137,Wing,False
106,99,Bilal Coulibaly,SF,19,WAS,36,1,26.5,3.1,6.4,0.478,1.1,2.7,0.392,2.0,3.7,0.541,0.561,1.1,1.8,0.641,0.8,3.4,4.3,1.8,0.9,0.8,1.4,2.1,8.3,10.700000000000001,0.5770300333704116,Wing,False
107,100,Ricky Council IV,SG,22,PHI,1,0,6.0,0.0,1.0,0.0,0.0,1.0,0.0,0.0,0.0,0.0,0.0,0.0,0.0,0.0,0.0,0.0,0.0,0.0,0.0,0.0,0.0,0.0,0.0,-1.0,0.0,Backcourt,False
108,101,Robert Covington,SF-PF,33,TOT,29,6,16.8,1.5,3.4,0.439,0.7,1.9,0.339,0.8,1.4,0.571,0.536,0.8,0.9,0.846,1.1,2.3,3.3,0.8,1.3,0.6,0.4,1.9,4.4,8.0,0.5795574288724974,Wing,False
109,101,Robert Covington,PF,33,LAC,3,3,23.0,1.0,3.0,0.333,0.7,2.7,0.25,0.3,0.3,1.0,0.444,0.3,0.7,0.5,0.7,2.0,2.7,2.3,2.0,0.7,0.0,2.3,3.0,8.299999999999999,0.4534461910519952,Big,False
110,101,Robert Covington,SF,33,PHI,26,3,16.1,1.5,3.4,0.449,0.7,1.8,0.354,0.9,1.6,0.561,0.545,0.8,0.9,0.875,1.1,2.3,3.4,0.7,1.3,0.6,0.4,1.9,4.5,8.1,0.5927291886195996,Wing,False
111,102,Torrey Craig,SF,33,CHI,27,7,21.2,2.2,5.1,0.424,1.1,2.8,0.382,1.1,2.3,0.476,0.529,0.7,0.9,0.783,1.9,3.0,4.8,1.0,0.6,0.4,0.6,2.5,6.1,9.200000000000001,0.5549490538573508,Wing,False
112,103,Jae Crowder,PF,33,MIL,9,2,26.7,2.8,5.2,0.532,1.8,3.4,0.516,1.0,1.8,0.563,0.702,0.8,1.3,0.583,0.4,3.4,3.9,1.7,0.8,0.3,0.4,1.6,8.1,11.5,0.7016632016632016,Big,False
113,104,Cade Cunningham,PG,22,DET,36,36,34.5,8.5,19.0,0.449,1.9,5.6,0.335,6.7,13.4,0.496,0.498,3.9,4.5,0.87,0.4,3.6,4.1,7.3,1.0,0.3,3.8,2.8,22.8,20.59999999999999,0.5433746425166825,Backcourt,True
114,105,Seth Curry,SG,33,DAL,29,3,13.4,1.6,4.3,0.379,0.9,2.4,0.391,0.7,1.9,0.364,0.488,0.5,0.6,0.875,0.4,1.1,1.6,0.9,0.6,0.1,0.4,0.9,4.7,4.700000000000001,0.5148992112182297,Backcourt,False
115,106,Stephen Curry,PG,35,GSW,35,35,33.2,8.4,18.8,0.447,4.5,11.3,0.398,3.9,7.5,0.521,0.567,5.4,5.9,0.922,0.5,3.7,4.2,4.7,0.8,0.4,3.1,1.8,26.7,22.799999999999997,0.623948401570387,Backcourt,False
116,107,Dyson Daniels,PG,20,NOP,38,13,22.7,2.3,5.4,0.434,0.7,2.4,0.297,1.6,3.0,0.544,0.5,0.8,1.2,0.659,0.9,2.9,3.8,2.7,1.4,0.3,0.9,1.7,6.2,10.0,0.5229419703103914,Backcourt,False
117,108,Anthony Davis,C,30,LAL,36,36,36.2,9.7,17.3,0.562,0.4,1.1,0.359,9.3,16.2,0.576,0.573,5.9,7.3,0.809,3.2,9.0,12.2,3.4,1.2,2.6,2.2,2.6,25.7,33.9,0.6264625585023401,Big,False
118,109,Johnny Davis,SG,21,WAS,18,0,8.3,1.2,2.7,0.438,0.1,0.2,0.333,1.1,2.5,0.444,0.448,0.2,0.3,0.8,0.5,0.6,1.1,0.3,0.4,0.1,0.3,0.6,2.6,2.6,0.45903954802259883,Backcourt,False
119,110,JD Davison,SG,21,BOS,1,0,3.0,0.0,1.0,0.0,0.0,1.0,0.0,0.0,0.0,0.0,0.0,0.0,0.0,0.0,0.0,1.0,1.0,0.0,0.0,0.0,0.0,0.0,0.0,0.0,0.0,Backcourt,False
120,111,Dexter Dennis,SG,24,DAL,4,0,7.5,2.5,4.8,0.526,0.3,2.0,0.125,2.3,2.8,0.818,0.553,0.3,0.8,0.333,0.3,2.0,2.3,1.0,0.0,0.3,0.8,0.3,5.5,5.500000000000002,0.5337732919254659,Backcourt,False
121,112,DeMar DeRozan,SF,34,CHI,37,37,36.9,7.6,16.6,0.458,1.0,2.8,0.353,6.6,13.8,0.479,0.488,5.8,6.9,0.847,0.6,3.2,3.8,5.4,1.1,0.7,1.5,2.2,22.0,21.400000000000006,0.5601955591770217,Wing,False
122,113,Moussa Diabaté,C,22,LAC,10,0,5.8,0.9,1.8,0.5,0.0,0.0,0.0,0.9,1.8,0.5,0.5,0.9,1.2,0.75,1.4,0.6,2.0,0.4,0.4,0.0,0.2,0.4,2.7,4.1000000000000005,0.5798969072164948,Big,False
123,114,Mamadi Diakite,PF,27,SAS,1,0,2.0,0.0,0.0,0.0,0.0,0.0,0.0,0.0,0.0,0.0,0.0,1.0,2.0,0.5,0.0,1.0,1.0,0.0,0.0,0.0,0.0,0.0,1.0,1.0,0.5681818181818182,Big,False
124,115,Gradey Dick,SG,20,TOR,19,1,12.4,1.1,3.6,0.294,0.6,2.3,0.25,0.5,1.3,0.375,0.375,0.8,0.8,1.0,0.4,0.8,1.2,0.8,0.3,0.0,0.6,1.3,3.5,2.6999999999999997,0.44281376518218624,Backcourt,False
125,116,Ousmane Dieng,PF,20,OKC,18,0,11.2,1.5,3.3,0.458,0.8,2.2,0.35,0.7,1.1,0.684,0.576,0.6,0.7,0.833,0.4,1.2,1.6,0.9,0.1,0.0,0.3,0.7,4.3,4.700000000000001,0.5958980044345898,Big,False
126,117,Spencer Dinwiddie,PG,30,BRK,35,35,31.4,4.4,11.3,0.39,2.0,6.2,0.318,2.5,5.1,0.478,0.477,2.9,3.8,0.774,0.7,3.2,3.8,6.3,0.8,0.2,1.6,1.7,13.8,15.500000000000002,0.5319148936170213,Backcourt,False
127,118,Donte DiVincenzo,SG,27,NYK,37,19,21.3,3.7,8.0,0.468,2.5,5.8,0.439,1.2,2.2,0.543,0.627,0.8,1.0,0.763,0.7,2.3,3.1,2.0,1.1,0.3,1.0,1.9,10.8,11.8,0.6398104265402844,Backcourt,False
128,119,Luka Don?i?,PG,24,DAL,34,34,36.8,11.4,23.5,0.485,4.0,10.4,0.38,7.4,13.1,0.569,0.569,6.8,8.7,0.778,0.7,7.4,8.1,9.1,1.4,0.6,3.9,1.7,33.6,34.900000000000006,0.6147540983606558,Backcourt,False
129,120,Luguentz Dort,SF,24,OKC,35,35,28.7,3.7,8.1,0.46,1.8,4.4,0.412,1.9,3.8,0.515,0.57,1.8,2.3,0.81,1.3,2.7,4.0,1.4,0.9,0.8,0.9,3.1,11.1,12.4,0.6090869183494293,Wing,False
130,121,Ayo Dosunmu,SG,24,CHI,37,6,22.9,3.1,6.8,0.458,1.0,2.9,0.34,2.2,4.0,0.544,0.53,0.8,1.0,0.763,0.7,1.8,2.5,2.0,0.7,0.4,0.8,1.8,8.0,8.9,0.5524861878453039,Backcourt,False
131,122,Andre Drummond,C,30,CHI,39,7,16.0,3.1,5.7,0.536,0.0,0.1,0.0,3.1,5.6,0.541,0.536,1.5,2.6,0.559,3.4,5.1,8.5,0.5,1.2,0.6,1.2,1.8,7.6,13.500000000000004,0.5552308591466978,Big,False
132,123,Chris Duarte,SF,26,SAC,33,10,13.6,1.4,3.7,0.366,0.6,2.0,0.318,0.7,1.7,0.421,0.451,0.5,0.7,0.773,0.4,1.5,1.8,1.0,0.5,0.1,0.6,1.8,3.9,4.2,0.4865269461077844,Wing,False
133,124,Kris Dunn,PG,29,UTA,31,13,17.3,2.0,4.5,0.453,0.5,1.4,0.372,1.5,3.1,0.49,0.511,0.4,0.5,0.688,0.6,2.3,2.9,4.1,0.9,0.4,1.2,1.7,4.9,9.400000000000002,0.5190677966101696,Backcourt,False
134,125,Kevin Durant,PF,35,PHO,30,30,37.0,10.4,19.7,0.525,2.1,4.5,0.474,8.2,15.2,0.54,0.579,6.8,7.7,0.875,0.4,6.0,6.4,5.9,0.8,1.1,3.3,1.8,29.6,30.3,0.6410256410256411,Big,False
135,126,Jalen Duren,C,20,DET,23,22,29.9,6.1,9.5,0.647,0.0,0.1,0.0,6.1,9.4,0.653,0.647,1.7,2.3,0.704,3.5,7.9,11.4,2.5,0.4,1.0,2.1,3.2,13.9,23.099999999999994,0.6611491628614916,Big,True
136,127,Tari Eason,PF,22,HOU,22,0,21.8,4.0,8.6,0.466,0.8,2.3,0.36,3.2,6.3,0.504,0.513,1.0,1.5,0.636,2.1,4.9,7.0,1.2,1.4,0.9,0.9,2.3,9.8,14.299999999999997,0.5291576673866091,Big,False
137,128,Anthony Edwards,SG,22,MIN,34,34,34.8,9.1,19.7,0.46,2.6,6.6,0.388,6.5,13.1,0.496,0.525,5.6,6.6,0.845,0.7,4.6,5.4,4.9,1.3,0.6,3.5,1.9,26.3,23.4,0.5817554415147762,Backcourt,True
138,129,Kessler Edwards,SF,23,SAC,27,0,4.9,0.6,1.4,0.421,0.3,0.9,0.375,0.3,0.5,0.5,0.539,0.1,0.1,0.75,0.1,0.6,0.7,0.3,0.1,0.1,0.0,0.3,1.6,2.0,0.554016620498615,Wing,False
139,130,Keon Ellis,SG,24,SAC,26,3,12.7,1.3,3.1,0.438,1.0,2.5,0.379,0.4,0.5,0.714,0.594,0.4,0.7,0.647,0.3,1.0,1.3,1.3,0.5,0.5,0.5,1.5,4.1,5.1,0.6015258215962441,Backcourt,False
140,131,Joel Embiid,C,29,PHI,27,27,34.1,11.6,21.7,0.535,1.1,3.2,0.36,10.5,18.6,0.565,0.561,10.2,11.6,0.882,2.7,9.1,11.8,6.0,1.1,2.0,3.9,2.9,34.6,40.10000000000001,0.6454260558125654,Big,False
141,132,Drew Eubanks,C,26,PHO,33,2,16.3,2.3,3.9,0.585,0.1,0.1,1.0,2.2,3.8,0.575,0.596,1.2,1.5,0.76,1.4,2.8,4.3,0.9,0.3,0.9,1.1,1.8,5.8,9.200000000000001,0.6359649122807018,Big,False
142,133,Dante Exum,PG,28,DAL,30,14,19.5,3.7,6.4,0.575,0.9,2.1,0.452,2.8,4.4,0.634,0.648,1.0,1.3,0.75,0.6,2.3,2.9,2.9,0.6,0.2,0.9,1.6,9.3,11.999999999999998,0.6669535283993115,Backcourt,False
143,134,Bruno Fernando,C,25,ATL,10,0,7.2,1.3,2.4,0.542,0.0,0.1,0.0,1.3,2.3,0.565,0.542,0.8,1.7,0.471,0.7,1.5,2.2,0.3,0.2,0.5,0.6,1.2,3.4,3.9999999999999996,0.5400254129606099,Big,False
144,135,Dorian Finney-Smith,PF,30,BRK,34,23,28.8,3.6,8.4,0.432,2.3,5.6,0.411,1.3,2.8,0.474,0.57,0.2,0.3,0.8,1.9,2.9,4.9,1.3,0.7,0.5,0.8,2.3,9.9,11.6,0.580168776371308,Big,False
145,136,Malachi Flynn,PG,25,TOT,34,0,14.1,1.6,4.1,0.403,0.8,2.4,0.346,0.8,1.7,0.483,0.504,0.6,0.7,0.792,0.4,1.6,1.9,2.1,0.5,0.2,1.0,1.2,4.7,5.799999999999999,0.5331215970961888,Backcourt,False
146,136,Malachi Flynn,PG,25,TOR,31,0,15.3,1.8,4.4,0.409,0.9,2.6,0.35,0.9,1.8,0.491,0.511,0.5,0.7,0.773,0.4,1.7,2.1,2.4,0.6,0.2,1.1,1.4,5.1,6.499999999999998,0.5416312659303313,Backcourt,False
147,136,Malachi Flynn,PG,25,NYK,3,0,2.0,0.0,0.7,0.0,0.0,0.3,0.0,0.0,0.3,0.0,0.0,0.7,0.7,1.0,0.0,0.3,0.3,0.0,0.0,0.0,0.0,0.0,0.7,0.30000000000000004,0.3472222222222222,Backcourt,False
148,137,Simone Fontecchio,SF,28,UTA,37,21,22.5,3.2,7.1,0.449,1.8,4.6,0.39,1.4,2.5,0.56,0.576,0.7,0.9,0.771,0.9,2.3,3.2,1.3,0.6,0.4,1.1,1.7,8.9,9.200000000000005,0.5936499466382071,Wing,False
149,138,Jordan Ford,PG,25,SAC,6,0,3.7,0.7,1.2,0.571,0.3,0.5,0.667,0.3,0.7,0.5,0.714,0.3,0.3,1.0,0.0,0.3,0.3,0.3,0.0,0.0,0.2,0.0,2.0,1.8999999999999997,0.7507507507507508,Backcourt,False
150,139,Trent Forrest,SG,25,ATL,11,0,10.2,0.9,2.3,0.4,0.0,0.3,0.0,0.9,2.0,0.455,0.4,0.5,0.5,1.0,0.4,1.2,1.5,1.7,0.3,0.1,0.5,1.0,2.4,4.1,0.47619047619047616,Backcourt,False
151,140,Evan Fournier,SG,31,NYK,2,0,16.5,2.0,8.0,0.25,1.0,6.0,0.167,1.0,2.0,0.5,0.313,1.0,1.0,1.0,0.0,1.5,1.5,1.5,2.0,0.0,0.5,1.0,6.0,4.5,0.35545023696682465,Backcourt,False
152,141,De'Aaron Fox,PG,26,SAC,31,31,35.1,10.0,21.1,0.472,3.3,8.3,0.393,6.7,12.8,0.524,0.55,4.7,6.6,0.717,0.9,3.3,4.2,5.8,1.6,0.4,2.6,2.5,27.9,24.299999999999997,0.5811531411431428,Backcourt,False
153,142,Alex Fudge,SF,20,LAL,4,0,3.5,0.3,1.5,0.167,0.0,0.5,0.0,0.3,1.0,0.25,0.167,0.5,0.5,1.0,0.5,0.0,0.5,0.0,0.0,0.0,0.3,0.3,1.0,5.551115123125783e-17,0.29069767441860467,Wing,False
154,143,Markelle Fultz,PG,25,ORL,7,5,24.4,4.1,9.3,0.446,0.0,0.4,0.0,4.1,8.9,0.468,0.446,0.4,1.1,0.375,1.3,1.9,3.1,3.7,1.0,0.3,1.0,0.9,8.7,9.9,0.44460343417825016,Backcourt,False
155,144,Daniel Gafford,C,25,WAS,34,34,26.0,4.2,6.2,0.679,0.0,0.0,0.0,4.2,6.2,0.679,0.679,2.0,2.8,0.726,2.7,5.0,7.7,1.6,0.9,2.1,1.0,3.4,10.5,19.0,0.7064047362755651,Big,False
156,145,Danilo Gallinari,PF,35,WAS,26,0,14.8,2.2,5.0,0.435,0.8,2.5,0.313,1.4,2.6,0.552,0.511,1.8,2.2,0.839,0.5,2.5,2.9,1.2,0.2,0.1,0.5,1.0,7.0,7.6999999999999975,0.5864611260053619,Big,False
157,146,Darius Garland,PG,24,CLE,20,20,34.0,7.6,16.1,0.47,1.8,5.2,0.346,5.8,10.9,0.53,0.526,3.8,4.6,0.835,0.6,2.2,2.8,5.9,1.6,0.2,3.8,1.6,20.7,18.099999999999994,0.5710659898477156,Backcourt,False
158,147,Usman Garuba,PF,21,GSW,2,0,3.0,0.0,0.5,0.0,0.0,0.0,0.0,0.0,0.5,0.0,0.0,0.0,0.0,0.0,0.0,0.0,0.0,0.5,0.5,0.0,0.0,0.5,0.0,0.5,0.0,Big,False
159,148,Luka Garza,C,25,MIN,7,0,3.1,0.7,2.3,0.313,0.0,0.7,0.0,0.7,1.6,0.455,0.313,0.7,1.1,0.625,0.6,0.6,1.1,0.3,0.0,0.0,0.3,1.0,2.1,1.2,0.37715517241379315,Big,False
160,149,Kaiser Gates,SF,27,NOP,1,0,7.0,0.0,4.0,0.0,0.0,2.0,0.0,0.0,2.0,0.0,0.0,0.0,0.0,0.0,0.0,1.0,1.0,0.0,0.0,0.0,0.0,0.0,0.0,-3.0,0.0,Wing,False
161,150,Keyonte George,PG,20,UTA,33,16,25.0,3.5,9.4,0.369,1.7,5.2,0.331,1.7,4.2,0.416,0.461,2.2,2.8,0.787,0.4,2.6,3.0,4.5,0.5,0.1,2.1,1.1,10.9,10.4,0.5126034612490594,Backcourt,False
162,151,Paul George,PF,33,LAC,35,35,34.6,8.2,17.7,0.464,3.5,8.4,0.414,4.7,9.3,0.509,0.562,3.5,3.8,0.918,0.7,4.9,5.6,3.8,1.6,0.4,2.1,3.0,23.5,22.999999999999996,0.6065455296303944,Big,False
163,152,Taj Gibson,PF,38,NYK,10,0,9.7,0.7,1.4,0.5,0.0,0.4,0.0,0.7,1.0,0.7,0.5,0.0,0.0,0.0,0.6,1.2,1.8,0.5,0.1,0.6,0.2,2.0,1.4,3.5,0.5,Big,False
164,153,Josh Giddey,SG,21,OKC,35,35,25.1,4.9,10.8,0.456,1.0,2.7,0.372,3.9,8.1,0.484,0.503,1.1,1.3,0.804,1.4,4.6,6.0,4.5,0.8,0.4,2.4,1.4,11.9,15.099999999999996,0.523214913823426,Backcourt,True
165,154,Harry Giles,C,25,BRK,10,0,5.9,1.7,3.3,0.515,0.1,0.7,0.143,1.6,2.6,0.615,0.53,0.6,1.1,0.545,0.8,0.9,1.7,0.2,0.1,0.3,0.2,0.9,4.1,4.1,0.5417547568710359,Big,False
166,155,Shai Gilgeous-Alexander,PG,25,OKC,35,35,34.8,11.3,20.5,0.552,1.2,3.5,0.352,10.1,17.0,0.593,0.582,7.6,8.6,0.887,0.8,5.1,5.9,6.4,2.4,0.7,2.0,2.6,31.4,34.599999999999994,0.646516224674683,Backcourt,False
167,156,Anthony Gill,PF,31,WAS,23,0,6.3,0.9,1.9,0.488,0.0,0.4,0.1,0.9,1.4,0.606,0.5,0.5,0.7,0.75,0.5,0.9,1.4,0.4,0.1,0.3,0.4,0.5,2.4,2.9999999999999996,0.5434782608695653,Big,False
168,157,Collin Gillespie,PG,24,DEN,13,0,7.3,0.8,1.8,0.435,0.3,1.0,0.308,0.5,0.8,0.6,0.522,0.3,0.4,0.8,0.1,0.3,0.4,0.7,0.4,0.0,0.4,0.8,2.2,2.1999999999999997,0.5566801619433199,Backcourt,False
169,158,Jacob Gilyard,PG,25,MEM,20,8,15.6,1.3,3.1,0.426,1.2,2.6,0.442,0.2,0.5,0.333,0.615,0.1,0.1,1.0,0.3,0.7,1.0,3.0,0.6,0.1,0.7,1.0,3.8,6.0,0.6043256997455471,Backcourt,False
170,159,Rudy Gobert,C,31,MIN,36,36,32.5,4.9,7.8,0.626,0.0,0.0,0.0,4.9,7.8,0.629,0.626,3.0,4.8,0.626,3.4,8.6,12.0,1.2,0.8,2.1,1.7,2.8,12.8,22.500000000000004,0.6456820016142051,Big,False
171,160,Jordan Goodwin,PG,25,PHO,33,0,16.2,2.0,5.5,0.372,0.7,2.4,0.291,1.3,3.1,0.436,0.436,0.7,0.8,0.852,1.2,2.3,3.5,2.2,0.6,0.2,0.8,1.2,5.5,7.599999999999999,0.4699248120300752,Backcourt,False
172,161,Aaron Gordon,PF,28,DEN,33,33,31.5,5.5,10.2,0.546,0.6,1.9,0.317,4.9,8.2,0.599,0.576,2.1,3.3,0.636,2.8,3.8,6.6,3.2,0.9,0.6,1.3,1.7,13.8,17.9,0.5921730175077241,Big,False
173,162,Eric Gordon,SG,35,PHO,31,19,31.2,5.0,10.8,0.463,2.7,6.6,0.405,2.3,4.2,0.554,0.587,0.8,1.1,0.765,0.3,1.8,2.1,2.4,0.9,0.5,1.3,1.4,13.5,11.999999999999996,0.5981921304501949,Backcourt,False
174,163,Devonte' Graham,PG,28,SAS,7,0,9.7,1.0,2.7,0.368,0.6,1.7,0.333,0.4,1.0,0.429,0.474,0.9,1.1,0.75,0.3,1.1,1.4,2.4,0.3,0.1,0.4,0.4,3.4,5.299999999999998,0.5339195979899497,Backcourt,False
175,164,Jerami Grant,PF,29,POR,32,32,34.0,7.5,16.2,0.461,2.3,5.6,0.417,5.1,10.6,0.485,0.534,4.5,5.6,0.799,0.6,3.0,3.6,2.5,0.7,0.7,2.3,2.3,21.8,17.2,0.5840120017145307,Big,False
176,165,A.J. Green,SG,24,MIL,23,0,7.2,1.1,2.3,0.463,0.9,2.0,0.447,0.2,0.3,0.571,0.657,0.0,0.0,1.0,0.2,0.6,0.7,0.6,0.0,0.0,0.0,0.8,3.1,3.1999999999999997,0.673913043478261,Backcourt,False
177,166,Danny Green,SG,36,PHI,2,0,9.0,0.0,1.0,0.0,0.0,0.5,0.0,0.0,0.5,0.0,0.0,0.0,0.0,0.0,0.0,1.0,1.0,0.5,0.5,0.0,0.0,0.5,0.0,1.0,0.0,Backcourt,False
178,167,Draymond Green,PF,33,GSW,15,15,25.1,3.4,6.9,0.49,1.2,2.8,0.429,2.2,4.1,0.532,0.577,1.7,2.0,0.833,1.5,4.1,5.5,5.8,0.4,0.7,2.4,3.0,9.7,15.899999999999997,0.6233933161953726,Big,False
179,168,Jalen Green,SG,21,HOU,36,36,30.4,5.8,14.3,0.403,2.2,6.4,0.346,3.5,7.9,0.449,0.481,3.6,4.5,0.795,0.4,4.3,4.6,3.3,0.6,0.3,2.2,1.3,17.3,14.500000000000004,0.5313267813267813,Backcourt,True
180,169,Jeff Green,PF,37,HOU,35,1,16.5,2.2,4.1,0.545,0.4,1.2,0.302,1.9,2.9,0.65,0.591,1.9,2.3,0.815,0.7,1.3,2.0,0.8,0.1,0.5,0.7,1.5,6.7,7.099999999999999,0.655320813771518,Big,False
181,170,Josh Green,SG,23,DAL,26,9,24.7,2.5,5.7,0.449,1.0,2.9,0.347,1.5,2.8,0.556,0.537,0.5,0.8,0.636,0.5,2.3,2.8,2.4,0.8,0.2,0.9,1.7,6.6,8.399999999999997,0.5452742894910773,Backcourt,False
182,171,AJ Griffin,SF,20,ATL,13,0,9.0,0.8,2.8,0.297,0.7,2.2,0.321,0.2,0.7,0.222,0.419,0.2,0.2,1.0,0.2,0.8,0.9,0.3,0.1,0.0,0.5,0.5,2.5,1.3,0.43282548476454297,Wing,False
183,172,Quentin Grimes,SG,23,NYK,34,18,20.3,2.4,6.1,0.401,1.8,4.6,0.386,0.6,1.4,0.449,0.548,0.3,0.4,0.714,0.3,1.4,1.7,1.1,0.7,0.1,0.5,1.5,7.0,6.299999999999999,0.5576800509878904,Backcourt,False
184,173,Mouhamed Gueye,PF,21,ATL,2,0,2.0,0.0,0.5,0.0,0.0,0.5,0.0,0.0,0.0,0.0,0.0,0.0,0.0,0.0,0.0,0.0,0.0,0.0,0.5,0.0,0.0,0.5,0.0,0.0,0.0,Big,False
185,174,Rui Hachimura,PF,25,LAL,25,5,23.5,4.5,9.2,0.485,1.1,3.0,0.368,3.4,6.2,0.542,0.545,1.5,2.0,0.76,0.8,2.8,3.6,1.1,0.7,0.2,0.8,1.4,11.6,11.2,0.5753968253968254,Big,False
186,175,Tyrese Haliburton,PG,23,IND,33,33,33.4,8.4,16.9,0.497,3.4,8.4,0.403,5.0,8.5,0.591,0.597,3.4,3.9,0.868,0.6,3.6,4.2,12.5,1.1,0.7,2.5,1.1,23.6,30.6,0.6338633433605502,Backcourt,True
187,176,R.J. Hampton,PG,22,MIA,8,2,9.5,0.5,1.8,0.286,0.1,1.0,0.125,0.4,0.8,0.5,0.321,0.1,0.3,0.5,0.3,0.5,0.8,1.0,0.0,0.0,0.4,1.0,1.3,1.2000000000000002,0.3364389233954452,Backcourt,False
188,177,Tim Hardaway Jr.,SF,31,DAL,35,4,28.8,5.9,14.2,0.414,3.1,8.7,0.354,2.8,5.5,0.51,0.523,2.2,2.5,0.865,0.3,3.3,3.6,1.7,0.4,0.0,0.8,1.4,17.1,13.400000000000002,0.5588235294117648,Wing,False
189,178,James Harden,PG,34,LAC,32,32,33.9,5.1,11.1,0.463,2.7,6.4,0.426,2.4,4.7,0.513,0.586,4.3,4.9,0.873,0.3,4.4,4.8,8.4,1.3,0.8,2.7,2.1,17.3,23.3,0.6525347012673507,Backcourt,False
190,179,Jaden Hardy,SG,21,DAL,33,4,15.3,2.9,7.5,0.386,1.4,3.8,0.354,1.5,3.7,0.418,0.476,0.7,1.1,0.667,0.3,1.7,2.0,1.6,0.4,0.1,0.8,1.2,7.9,6.2,0.49473947895791587,Backcourt,False
191,180,Ron Harper Jr.,PF,23,TOR,1,0,4.0,0.0,0.0,0.0,0.0,0.0,0.0,0.0,0.0,0.0,0.0,0.0,0.0,0.0,0.0,0.0,0.0,1.0,0.0,0.0,0.0,2.0,0.0,1.0,0.0,Big,False
192,181,Gary Harris,SG,29,ORL,27,6,22.8,2.4,5.7,0.429,1.3,4.0,0.333,1.1,1.7,0.652,0.545,0.9,1.1,0.774,0.5,1.2,1.7,1.9,0.9,0.2,0.5,1.7,7.1,7.799999999999999,0.5740620957309185,Backcourt,False
193,182,Joe Harris,SG,32,DET,14,0,10.9,0.9,2.6,0.361,0.7,2.1,0.345,0.2,0.5,0.429,0.5,0.1,0.1,0.5,0.2,0.7,0.9,0.6,0.2,0.1,0.2,1.3,2.6,2.499999999999999,0.491679273827534,Backcourt,False
194,183,Tobias Harris,PF,31,PHI,35,35,33.9,6.7,13.1,0.51,1.2,3.3,0.359,5.5,9.7,0.562,0.556,2.9,3.2,0.885,1.0,5.2,6.2,3.1,0.9,0.5,1.6,1.7,17.4,19.799999999999997,0.5996691480562448,Big,False
195,184,Shaquille Harrison,SG,30,MEM,3,0,2.0,0.3,0.7,0.5,0.0,0.0,0.0,0.3,0.7,0.5,0.5,0.0,0.0,0.0,0.0,0.7,0.7,0.0,0.0,0.3,0.0,0.0,0.7,1.3,0.5,Backcourt,False
196,185,Josh Hart,SF,28,NYK,37,6,28.4,2.9,6.5,0.448,0.9,2.8,0.333,2.0,3.7,0.533,0.519,0.7,0.8,0.806,1.2,5.1,6.3,2.8,0.8,0.2,1.2,1.9,7.4,12.600000000000001,0.5399883245767659,Wing,False
197,186,Isaiah Hartenstein,C,25,NYK,37,11,24.2,2.6,4.3,0.604,0.0,0.1,0.333,2.6,4.2,0.609,0.607,1.4,2.0,0.685,3.2,4.6,7.7,1.8,1.2,1.1,1.1,2.9,6.6,15.000000000000002,0.637065637065637,Big,False
198,187,Sam Hauser,SF,26,BOS,36,4,22.1,2.9,6.6,0.449,2.3,5.6,0.416,0.6,0.9,0.647,0.627,0.2,0.3,0.8,0.8,2.8,3.6,1.0,0.4,0.3,0.5,1.5,8.4,9.400000000000002,0.6238859180035652,Wing,False
199,188,Jordan Hawkins,SG,21,NOP,33,9,22.2,3.4,8.8,0.39,2.1,5.6,0.371,1.3,3.2,0.423,0.509,1.4,1.7,0.855,0.5,2.3,2.8,1.4,0.3,0.1,0.7,1.5,10.4,8.6,0.5446166736489317,Backcourt,False
200,189,Jaxson Hayes,C,23,LAL,31,1,10.2,1.2,1.9,0.655,0.0,0.1,0.0,1.2,1.7,0.704,0.655,0.5,0.9,0.536,0.5,1.4,1.8,0.3,0.2,0.3,0.5,1.7,2.9,3.8999999999999995,0.6315331010452963,Big,False
201,190,Killian Hayes,PG,22,DET,33,23,24.7,3.0,7.6,0.4,0.6,2.0,0.292,2.5,5.6,0.438,0.438,0.9,1.4,0.674,0.3,2.6,2.9,4.6,1.0,0.5,1.3,1.8,7.6,10.200000000000001,0.4625121713729309,Backcourt,False
202,191,Gordon Hayward,SF,33,CHO,25,25,31.9,5.6,11.9,0.468,0.9,2.4,0.361,4.7,9.4,0.496,0.505,2.5,3.2,0.765,1.0,3.7,4.7,4.6,1.1,0.5,2.0,1.8,14.5,16.4,0.544785091674181,Wing,False
203,192,Scoot Henderson,PG,19,POR,27,12,27.8,4.5,12.1,0.371,1.2,4.0,0.308,3.3,8.1,0.402,0.422,2.0,2.6,0.768,0.9,2.1,2.9,5.0,0.6,0.3,3.2,3.4,12.1,9.500000000000004,0.4568106312292359,Backcourt,False
204,193,Taylor Hendricks,PF,20,UTA,12,0,14.8,1.8,4.7,0.375,0.8,2.8,0.303,0.9,1.9,0.478,0.464,0.5,0.7,0.75,0.9,1.4,2.3,0.4,0.7,0.6,0.8,0.9,4.8,4.899999999999999,0.4792332268370607,Big,False
205,194,Tyler Herro,SG,24,MIA,19,19,34.3,8.3,19.1,0.435,3.2,7.8,0.412,5.1,11.3,0.451,0.519,2.6,3.0,0.86,0.6,4.7,5.3,4.5,1.3,0.1,2.4,1.5,22.4,20.000000000000004,0.5484818805093046,Backcourt,False
206,195,Buddy Hield,SF,31,IND,37,17,25.6,4.6,10.6,0.431,2.8,7.4,0.375,1.8,3.2,0.558,0.561,0.6,0.7,0.84,0.7,2.5,3.2,2.5,0.8,0.6,1.4,2.0,12.5,12.100000000000001,0.572973964063073,Wing,False
207,196,Haywood Highsmith,PF,27,MIA,23,16,21.5,2.3,5.5,0.421,1.2,3.3,0.364,1.1,2.1,0.51,0.532,0.6,0.8,0.778,0.9,2.1,3.0,1.4,1.0,0.6,0.8,2.1,6.4,8.2,0.5468215994531784,Big,False
208,197,Nate Hinton,SG,24,HOU,5,0,5.2,0.8,1.8,0.444,0.8,1.0,0.8,0.0,0.8,0.0,0.667,0.0,0.0,0.0,0.4,0.6,1.0,0.2,0.0,0.0,0.2,1.0,2.4,2.4,0.6666666666666666,Backcourt,False
209,198,D'Moi Hodge,SG,25,LAL,7,0,5.9,0.7,2.1,0.333,0.4,1.7,0.25,0.3,0.4,0.667,0.433,0.1,0.3,0.5,0.0,0.0,0.0,0.7,0.1,0.1,0.1,0.6,2.0,1.2000000000000002,0.4480286738351254,Backcourt,False
210,199,Aaron Holiday,PG,27,HOU,34,1,18.0,2.5,5.7,0.436,1.3,3.1,0.411,1.2,2.6,0.466,0.549,0.6,0.7,0.917,0.3,1.7,2.0,1.7,0.5,0.1,0.8,1.6,6.9,7.1,0.5742343541944075,Backcourt,False
211,200,Jrue Holiday,PG,33,BOS,34,34,34.5,5.0,10.9,0.457,1.9,4.7,0.406,3.1,6.2,0.495,0.544,1.1,1.4,0.792,1.6,4.9,6.4,4.7,0.9,0.8,2.0,1.7,13.0,17.599999999999998,0.5644320944772491,Backcourt,False
212,201,Justin Holiday,SG,34,DEN,22,6,14.6,1.5,3.0,0.493,1.0,2.1,0.447,0.5,0.9,0.6,0.649,0.0,0.0,0.0,0.2,1.1,1.3,1.1,0.6,0.0,0.2,1.3,4.0,5.3,0.6666666666666666,Backcourt,False
213,202,Richaun Holmes,C,30,DAL,17,1,10.1,1.4,2.7,0.5,0.0,0.0,0.0,1.4,2.7,0.5,0.5,0.5,1.1,0.5,1.5,2.1,3.6,0.5,0.1,0.4,0.6,1.3,3.2,5.300000000000001,0.5025125628140703,Big,False
214,203,Chet Holmgren,C,21,OKC,36,36,30.1,6.7,12.1,0.555,1.7,4.3,0.403,5.0,7.8,0.639,0.627,2.8,3.5,0.81,1.5,5.9,7.4,2.7,0.6,2.6,1.8,2.7,17.9,23.3,0.656158357771261,Big,True
215,204,Jalen Hood-Schifino,SG,20,LAL,8,0,8.6,0.8,3.5,0.214,0.1,1.1,0.111,0.6,2.4,0.263,0.232,0.6,1.3,0.5,0.3,0.8,1.0,0.6,0.3,0.1,0.6,1.1,2.3,0.2999999999999996,0.2824165029469548,Backcourt,False
216,205,Al Horford,C,37,BOS,31,14,27.1,2.9,6.0,0.487,1.5,3.9,0.397,1.4,2.1,0.652,0.615,0.3,0.4,0.833,1.4,5.5,6.9,3.0,0.5,1.1,0.9,1.6,7.7,15.1,0.623380829015544,Big,False
217,206,Talen Horton-Tucker,PG,23,UTA,30,11,22.0,4.1,10.0,0.411,1.2,3.7,0.333,2.9,6.3,0.457,0.473,1.6,2.0,0.787,0.4,2.1,2.5,4.2,1.1,0.4,1.7,2.1,11.0,11.2,0.5055147058823529,Backcourt,False
218,207,Danuel House Jr.,SF,30,PHI,22,0,12.4,1.1,2.7,0.417,0.5,1.5,0.344,0.6,1.3,0.5,0.508,0.6,0.9,0.737,0.4,1.0,1.3,0.8,0.3,0.0,0.6,0.8,3.4,3.2999999999999994,0.5490956072351421,Wing,False
219,208,Caleb Houstan,SF,21,ORL,28,2,14.7,1.6,3.8,0.415,1.4,3.5,0.388,0.2,0.3,0.75,0.594,0.5,0.6,0.813,0.5,1.3,1.8,0.6,0.3,0.0,0.3,1.1,5.0,5.1000000000000005,0.6151574803149606,Wing,False
220,209,Jett Howard,SF,20,ORL,9,0,4.0,0.6,1.8,0.313,0.3,1.3,0.25,0.2,0.4,0.5,0.406,0.1,0.2,0.5,0.1,0.3,0.4,0.3,0.0,0.0,0.2,0.1,1.6,0.7999999999999996,0.423728813559322,Wing,False
221,210,Kevin Huerter,SG,25,SAC,36,31,22.9,3.6,8.6,0.416,1.7,5.1,0.33,1.9,3.4,0.545,0.515,0.7,0.9,0.806,0.5,3.0,3.6,2.5,0.6,0.3,0.6,2.0,9.5,10.700000000000001,0.5280124499777679,Backcourt,False
222,211,Jay Huff,C,25,DEN,4,0,2.5,0.5,1.0,0.5,0.0,0.5,0.0,0.5,0.5,1.0,0.5,0.0,0.0,0.0,0.0,0.0,0.0,0.3,0.0,0.0,0.3,0.5,1.0,0.5,0.5,Big,False
223,212,De'Andre Hunter,SF,26,ATL,24,24,30.3,5.1,11.0,0.46,1.9,4.8,0.404,3.2,6.3,0.503,0.547,2.8,3.1,0.907,0.6,3.5,4.1,1.4,0.8,0.4,1.5,3.0,14.9,13.899999999999997,0.6025558071821416,Wing,False
224,213,Bones Hyland,PG,23,LAC,16,2,14.6,2.6,6.7,0.393,1.3,3.4,0.364,1.4,3.3,0.423,0.486,0.6,0.8,0.833,0.1,0.8,0.9,1.8,0.5,0.1,1.3,1.4,7.1,4.800000000000001,0.5034032898468519,Backcourt,False
225,214,Joe Ingles,SF,36,ORL,24,0,18.2,1.6,3.9,0.404,1.0,2.5,0.407,0.6,1.5,0.4,0.532,0.7,0.8,0.895,0.5,2.3,2.8,3.4,0.8,0.1,0.8,1.5,4.9,8.799999999999999,0.5761994355597366,Wing,False
226,215,Brandon Ingram,SF,26,NOP,35,35,33.1,8.3,16.5,0.5,1.3,3.8,0.353,6.9,12.7,0.544,0.541,4.2,5.1,0.82,0.6,4.0,4.6,5.4,0.8,0.5,2.5,2.2,22.0,21.7,0.5868544600938967,Wing,False
227,216,Kyrie Irving,SG,31,DAL,22,22,32.3,9.0,18.8,0.477,2.7,6.6,0.414,6.2,12.2,0.511,0.55,3.3,3.7,0.889,1.0,4.0,5.0,5.0,1.4,0.5,1.5,1.8,23.9,24.099999999999994,0.5849813980810652,Backcourt,False
228,217,Jonathan Isaac,PF,26,ORL,21,0,13.6,2.3,5.0,0.453,0.6,2.2,0.277,1.7,2.8,0.593,0.514,1.2,1.5,0.781,1.1,3.0,4.1,0.3,0.9,1.2,0.6,1.3,6.4,9.299999999999999,0.5653710247349824,Big,False
229,218,Jaden Ivey,SG,21,DET,34,18,25.8,4.6,10.1,0.451,1.2,3.8,0.308,3.4,6.3,0.537,0.509,3.0,4.0,0.752,1.3,2.3,3.6,3.3,0.8,0.6,2.2,2.8,13.3,12.900000000000006,0.56070826306914,Backcourt,True
230,219,Andre Jackson Jr.,SG,22,MIL,31,6,10.3,1.0,1.9,0.517,0.4,1.0,0.419,0.5,0.9,0.63,0.629,0.2,0.2,0.857,0.7,1.0,1.7,0.9,0.3,0.1,0.5,1.7,2.5,4.1,0.6287726358148893,Backcourt,False
231,220,Gregory Jackson II,PF,19,MEM,5,0,4.2,0.6,2.4,0.25,0.4,1.2,0.333,0.2,1.2,0.167,0.333,0.0,0.0,0.0,0.2,0.4,0.6,0.0,0.2,0.2,0.2,0.4,1.6,0.6000000000000008,0.33333333333333337,Big,False
232,221,Isaiah Jackson,C,22,IND,29,1,13.9,2.8,4.1,0.681,0.0,0.1,0.0,2.8,4.0,0.692,0.681,1.4,2.1,0.7,1.5,2.7,4.2,0.9,0.6,1.3,0.7,2.8,7.0,11.3,0.696656050955414,Big,False
233,222,Jaren Jackson Jr.,C,24,MEM,36,36,31.6,7.3,15.7,0.461,1.8,5.1,0.352,5.5,10.7,0.513,0.518,5.0,6.0,0.837,1.3,4.4,5.8,1.7,0.8,1.8,2.0,3.6,21.3,20.000000000000004,0.5806979280261724,Big,False
234,223,Reggie Jackson,PG,33,DEN,39,14,23.3,4.7,10.2,0.465,1.4,3.8,0.378,3.3,6.4,0.516,0.535,0.9,1.3,0.74,0.4,1.7,2.1,4.4,0.6,0.2,1.4,2.0,11.9,11.899999999999999,0.55235796509469,Backcourt,False
235,224,Trayce Jackson-Davis,PF,23,GSW,27,3,14.4,2.9,4.2,0.69,0.0,0.0,0.0,2.9,4.2,0.69,0.69,1.1,1.7,0.63,1.8,2.6,4.4,1.0,0.3,0.8,0.8,1.7,6.9,10.700000000000001,0.6972514147130153,Big,False
236,225,LeBron James,PF,39,LAL,35,35,34.6,9.4,17.8,0.526,2.2,5.5,0.397,7.2,12.3,0.584,0.587,4.2,5.7,0.737,0.9,6.3,7.2,7.5,1.5,0.7,3.3,1.1,25.1,28.800000000000008,0.6179830608627143,Big,False
237,226,Jaime Jaquez Jr.,SF,22,MIA,37,13,30.5,5.3,10.4,0.51,1.1,3.1,0.36,4.2,7.4,0.574,0.563,2.1,2.5,0.83,1.2,2.6,3.8,2.7,1.1,0.3,1.7,2.5,13.9,14.600000000000001,0.6043478260869566,Wing,True
238,227,DaQuan Jeffries,SG,26,NYK,10,0,3.0,0.5,1.2,0.417,0.1,0.5,0.2,0.4,0.7,0.571,0.458,0.0,0.2,0.0,0.0,0.5,0.5,0.2,0.0,0.0,0.1,0.2,1.1,0.8000000000000002,0.42701863354037267,Backcourt,False
239,228,Ty Jerome,SG,26,CLE,2,0,7.5,1.0,2.0,0.5,0.0,0.5,0.0,1.0,1.5,0.667,0.5,0.0,0.0,0.0,0.5,0.0,0.5,1.5,0.0,0.0,0.5,1.0,2.0,2.5,0.5,Backcourt,False
240,229,Isaiah Joe,SG,24,OKC,36,0,19.7,3.2,6.9,0.456,2.3,5.3,0.426,0.9,1.7,0.55,0.618,0.8,0.9,0.824,0.3,2.0,2.3,1.1,0.6,0.3,0.6,1.2,9.4,9.3,0.6441885964912281,Backcourt,False
241,230,Cameron Johnson,PF,27,BRK,29,29,29.2,5.4,11.7,0.466,2.7,6.4,0.416,2.8,5.3,0.526,0.58,1.3,1.8,0.745,1.2,3.7,4.9,2.5,0.8,0.2,0.9,1.9,14.9,15.6,0.5963816842779379,Big,False
242,231,Jalen Johnson,SF,22,ATL,22,19,31.3,6.1,10.4,0.585,1.2,3.0,0.4,4.9,7.5,0.659,0.642,2.0,2.5,0.818,1.4,7.2,8.5,3.0,1.1,0.9,1.9,2.4,15.4,22.2,0.6695652173913044,Wing,True
243,232,James Johnson,PF,36,IND,4,0,6.0,0.5,1.3,0.4,0.0,0.3,0.0,0.5,1.0,0.5,0.4,0.0,0.0,0.0,0.3,0.8,1.0,1.3,1.0,0.0,0.5,1.0,1.0,3.0,0.3846153846153846,Big,False
244,233,Keldon Johnson,SF,24,SAS,34,26,32.2,6.3,13.9,0.455,1.9,5.5,0.346,4.4,8.4,0.526,0.523,3.0,3.8,0.777,1.4,4.8,6.1,3.8,0.9,0.2,1.6,2.5,17.5,18.499999999999996,0.5619059851014642,Wing,False
245,234,Keon Johnson,SG,21,BRK,1,0,21.0,3.0,8.0,0.375,2.0,4.0,0.5,1.0,4.0,0.25,0.5,4.0,4.0,1.0,0.0,1.0,1.0,1.0,1.0,1.0,1.0,1.0,12.0,10.0,0.6147540983606558,Backcourt,False
246,235,Keyontae Johnson,SF,23,OKC,1,0,6.0,0.0,1.0,0.0,0.0,0.0,0.0,0.0,1.0,0.0,0.0,0.0,0.0,0.0,0.0,0.0,0.0,0.0,0.0,0.0,0.0,0.0,0.0,-1.0,0.0,Wing,False
247,236,Nikola Joki?,C,28,DEN,38,38,33.3,9.8,17.2,0.574,1.1,3.0,0.348,8.8,14.1,0.622,0.604,4.8,5.8,0.819,2.8,9.0,11.8,9.2,1.2,0.9,2.8,2.6,25.5,37.400000000000006,0.6455042527339004,Big,False
248,237,Colby Jones,SG,21,SAC,14,0,7.3,1.1,2.7,0.421,0.1,0.9,0.083,1.1,1.9,0.577,0.434,0.1,0.2,0.667,0.6,0.7,1.3,0.4,0.2,0.1,0.3,0.9,2.5,2.5,0.44835007173601144,Backcourt,False
249,238,Damian Jones,C,28,CLE,15,0,5.4,0.7,1.1,0.588,0.1,0.2,0.333,0.6,0.9,0.643,0.618,0.1,0.2,0.667,0.3,0.8,1.1,0.3,0.1,0.2,0.3,0.6,1.5,2.4,0.6313131313131313,Big,False
250,239,Derrick Jones Jr.,SF,26,DAL,37,36,25.7,3.8,7.8,0.479,1.4,4.1,0.344,2.4,3.8,0.626,0.569,1.4,1.8,0.75,1.3,2.5,3.8,1.0,0.9,0.9,0.9,1.8,10.3,11.599999999999998,0.5993947858472998,Wing,False
251,240,Herbert Jones,SF,25,NOP,35,35,29.3,3.7,7.9,0.475,1.3,3.4,0.367,2.5,4.5,0.558,0.554,2.0,2.3,0.873,1.2,2.6,3.8,2.5,1.3,1.0,1.3,2.9,10.7,13.5,0.6003141831238779,Wing,False
252,241,Tre Jones,PG,24,SAS,32,3,24.3,3.5,7.3,0.483,0.5,2.1,0.239,3.0,5.2,0.582,0.517,1.2,1.4,0.864,0.7,2.2,2.9,4.9,0.8,0.2,1.5,1.3,8.7,12.0,0.5495199595755432,Backcourt,False
253,242,Tyus Jones,PG,27,WAS,37,37,27.9,5.3,10.0,0.526,1.6,3.7,0.431,3.7,6.3,0.581,0.605,0.5,0.7,0.731,0.3,2.5,2.8,5.5,1.2,0.3,0.9,0.7,12.6,16.6,0.6111757857974389,Backcourt,False
254,243,DeAndre Jordan,C,35,DEN,16,1,13.3,2.0,3.3,0.615,0.0,0.0,0.0,2.0,3.3,0.615,0.615,1.1,2.5,0.425,1.9,3.4,5.4,1.0,0.3,0.6,0.9,1.8,5.1,8.8,0.5795454545454545,Big,False
255,244,Cory Joseph,PG,32,GSW,18,0,10.4,0.6,2.3,0.262,0.3,1.5,0.185,0.3,0.8,0.4,0.321,0.2,0.4,0.571,0.2,0.6,0.8,1.7,0.2,0.1,0.6,0.9,1.7,2.0,0.34329563812600966,Backcourt,False
256,245,Nikola Jovi?,PF,20,MIA,11,6,17.0,2.3,4.7,0.481,1.3,2.7,0.467,1.0,2.0,0.5,0.615,0.8,1.4,0.6,0.8,4.0,4.8,2.4,0.5,0.4,0.8,2.5,6.6,10.899999999999999,0.6207674943566591,Big,False
257,246,Johnny Juzang,SG,22,UTA,1,0,4.0,0.0,2.0,0.0,0.0,2.0,0.0,0.0,0.0,0.0,0.0,0.0,0.0,0.0,0.0,0.0,0.0,1.0,0.0,0.0,0.0,0.0,0.0,-1.0,0.0,Backcourt,False
258,247,Luke Kennard,SG,27,MEM,14,2,21.2,2.8,6.8,0.411,2.2,5.4,0.413,0.6,1.4,0.4,0.574,0.8,0.8,1.0,0.4,2.6,3.1,2.3,0.5,0.1,0.6,0.9,8.6,10.0,0.6012304250559284,Backcourt,False
259,248,Walker Kessler,C,22,UTA,31,13,24.1,4.0,6.3,0.639,0.1,0.5,0.25,3.9,5.7,0.674,0.649,0.7,1.3,0.538,2.7,5.1,7.7,0.7,0.5,2.6,1.1,2.1,8.8,16.299999999999997,0.640279394644936,Big,False
260,249,Braxton Key,SF,26,DEN,12,0,3.7,0.4,1.2,0.357,0.1,0.3,0.25,0.3,0.8,0.4,0.393,0.3,0.4,0.8,0.2,0.7,0.8,0.7,0.2,0.0,0.0,0.3,1.3,2.1,0.4723837209302326,Wing,False
261,250,Corey Kispert,SF,24,WAS,36,1,22.2,4.1,8.6,0.484,2.0,5.4,0.371,2.1,3.2,0.675,0.601,1.4,1.9,0.735,0.4,1.7,2.1,1.5,0.3,0.2,1.0,1.6,11.7,9.799999999999999,0.6199660873251377,Wing,False
262,251,Maxi Kleber,C,32,DAL,5,1,18.0,0.8,3.2,0.25,0.6,1.8,0.333,0.2,1.4,0.143,0.344,1.2,2.0,0.6,0.8,3.4,4.2,2.0,0.2,0.2,0.8,1.6,3.4,5.999999999999998,0.41666666666666663,Big,False
263,252,Kevin Knox,SF,24,DET,20,5,17.9,3.2,6.7,0.481,1.3,3.5,0.357,2.0,3.2,0.619,0.575,0.6,0.7,0.857,0.7,1.7,2.3,0.7,0.5,0.3,0.7,1.6,8.3,7.800000000000002,0.5921803652968037,Wing,False
264,253,John Konchar,SF,27,MEM,29,2,16.3,1.1,3.1,0.367,0.6,2.0,0.31,0.5,1.1,0.469,0.467,0.3,0.4,0.818,1.0,2.9,3.9,1.3,0.7,0.7,0.4,0.9,3.2,7.299999999999999,0.4884004884004884,Wing,False
265,254,Furkan Korkmaz,SG,26,PHI,21,0,6.7,0.7,1.8,0.378,0.2,0.9,0.263,0.4,0.9,0.5,0.446,0.3,0.4,0.778,0.0,0.4,0.5,0.5,0.5,0.0,0.3,0.4,1.9,1.8999999999999997,0.4807692307692307,Backcourt,False
266,255,Luke Kornet,C,28,BOS,24,1,14.2,2.2,3.2,0.684,0.0,0.0,0.0,2.2,3.2,0.684,0.684,0.9,1.0,0.875,1.9,1.8,3.7,0.8,0.5,1.0,0.4,1.2,5.2,9.700000000000001,0.7142857142857143,Big,False
267,256,Jonathan Kuminga,PF,21,GSW,36,15,22.8,4.7,9.4,0.503,0.7,2.5,0.27,4.1,6.9,0.586,0.538,2.6,3.8,0.699,1.2,2.9,4.1,1.6,0.6,0.3,1.5,2.1,12.8,12.000000000000004,0.5780346820809248,Big,True
268,257,Kyle Kuzma,PF,28,WAS,37,37,31.1,8.7,18.9,0.459,2.4,6.8,0.344,6.3,12.1,0.523,0.521,2.5,3.3,0.777,1.0,5.2,6.2,4.2,0.4,0.5,2.7,2.1,22.2,19.8,0.5454009433962265,Big,False
269,258,Jock Landale,C,28,HOU,21,0,8.7,0.7,2.0,0.349,0.1,0.7,0.143,0.6,1.4,0.448,0.372,0.4,0.5,0.8,0.9,0.9,1.8,0.5,0.2,0.3,0.4,1.0,1.9,2.9000000000000004,0.4279279279279279,Big,False
270,259,Jake LaRavia,PF,22,MEM,9,0,11.2,1.2,3.7,0.333,0.3,2.2,0.15,0.9,1.4,0.615,0.379,0.1,0.2,0.5,0.6,0.8,1.3,0.6,0.1,0.0,0.4,1.7,2.9,1.8999999999999995,0.38278775079197463,Big,False
271,260,Zach LaVine,SG,28,CHI,21,19,35.3,7.0,15.8,0.446,2.4,7.0,0.34,4.7,8.8,0.53,0.521,3.9,4.5,0.853,0.4,4.8,5.2,3.7,1.0,0.3,2.1,2.1,20.3,18.999999999999996,0.5708661417322834,Backcourt,False
272,261,A.J. Lawson,SG,23,DAL,16,0,10.3,1.8,3.7,0.475,0.6,1.9,0.333,1.1,1.8,0.621,0.559,0.6,0.9,0.714,0.5,0.9,1.4,0.6,0.6,0.1,0.5,0.8,4.8,4.799999999999998,0.5859375,Backcourt,False
273,262,Saben Lee,PG,24,PHO,10,0,6.9,0.8,1.9,0.421,0.0,0.4,0.0,0.8,1.5,0.533,0.421,1.3,1.7,0.765,0.5,0.5,1.0,1.1,0.3,0.3,0.4,0.6,2.9,3.6999999999999997,0.547583081570997,Backcourt,False
274,263,Alex Len,C,30,SAC,13,0,9.0,1.2,1.8,0.652,0.0,0.1,0.0,1.2,1.7,0.682,0.652,0.3,0.8,0.4,1.4,2.2,3.6,1.3,0.2,0.6,0.5,0.8,2.6,6.700000000000001,0.604089219330855,Big,False
275,264,Kawhi Leonard,SF,32,LAC,33,33,34.6,8.9,17.2,0.518,2.3,5.3,0.432,6.6,11.9,0.556,0.585,3.9,4.4,0.877,1.1,4.9,6.0,3.5,1.7,0.8,1.6,1.5,24.0,25.6,0.6270903010033445,Wing,False
276,265,Caris LeVert,SG,29,CLE,28,1,28.8,5.9,13.7,0.433,1.9,5.5,0.348,4.0,8.1,0.491,0.504,2.4,3.2,0.756,0.5,3.0,3.5,4.1,1.1,0.4,1.5,1.6,16.2,15.2,0.5361397934868943,Backcourt,False
277,266,Kira Lewis Jr.,PG,22,NOP,14,0,9.7,1.1,3.6,0.32,0.1,1.4,0.105,1.0,2.2,0.452,0.34,0.6,0.6,0.889,0.3,0.6,0.9,1.3,0.4,0.1,0.5,0.6,3.0,2.7,0.38819875776397517,Backcourt,False
278,267,Maxwell Lewis,SF,21,LAL,12,0,4.4,0.1,0.8,0.111,0.1,0.3,0.333,0.0,0.5,0.0,0.167,0.0,0.0,0.0,0.1,0.2,0.3,0.3,0.2,0.0,0.4,0.2,0.3,-2.220446049250313e-16,0.18749999999999997,Wing,False
279,268,E.J. Liddell,PF,23,NOP,5,0,3.0,0.2,1.0,0.2,0.0,0.8,0.0,0.2,0.2,1.0,0.2,0.4,0.4,1.0,0.0,0.4,0.4,0.0,0.0,0.4,0.4,0.4,0.8,0.4,0.34013605442176875,Big,False
280,269,Damian Lillard,PG,33,MIL,34,34,35.4,7.4,17.2,0.428,3.0,8.6,0.352,4.3,8.6,0.505,0.516,7.4,8.1,0.916,0.6,3.7,4.3,6.9,1.1,0.2,2.6,1.7,25.1,24.50000000000001,0.604411481410133,Backcourt,False
281,270,Nassir Little,SF,23,PHO,23,2,15.6,1.9,4.0,0.484,0.7,2.2,0.32,1.2,1.8,0.683,0.571,0.7,0.8,0.842,0.6,2.0,2.6,0.7,0.4,0.3,0.5,1.3,5.2,6.500000000000002,0.5974264705882353,Wing,False
282,271,Dereck Lively II,C,19,DAL,29,28,25.2,4.0,5.5,0.723,0.0,0.1,0.0,4.0,5.4,0.732,0.723,0.8,1.4,0.548,2.7,4.9,7.6,1.3,0.6,1.4,1.1,3.0,8.7,16.399999999999995,0.711249182472204,Big,False
283,272,Isaiah Livers,PF,25,DET,22,6,20.6,1.8,5.1,0.348,1.0,3.3,0.288,0.8,1.8,0.462,0.442,0.5,0.8,0.667,0.7,1.5,2.2,1.1,0.6,0.1,0.7,1.8,5.0,4.7,0.458547322083639,Big,False
284,273,Chris Livingston,SF,20,MIL,9,0,4.4,0.7,1.1,0.6,0.1,0.1,1.0,0.6,1.0,0.556,0.65,0.2,0.2,1.0,0.2,0.8,1.0,0.3,0.2,0.0,0.2,0.3,1.7,2.5999999999999996,0.7154882154882154,Wing,False
285,274,Kenneth Lofton Jr.,PF,21,TOT,16,0,6.4,0.9,2.4,0.359,0.2,0.6,0.3,0.7,1.8,0.379,0.397,0.5,0.9,0.533,0.1,0.9,1.1,0.9,0.2,0.2,0.5,0.9,2.4,2.400000000000001,0.4291845493562232,Big,False
286,274,Kenneth Lofton Jr.,PF,21,MEM,15,0,6.6,0.9,2.5,0.378,0.2,0.7,0.3,0.7,1.8,0.407,0.419,0.5,1.0,0.533,0.1,0.9,1.0,0.9,0.2,0.2,0.4,1.0,2.6,2.4000000000000004,0.44217687074829937,Big,False
287,274,Kenneth Lofton Jr.,PF,21,PHI,1,0,4.0,0.0,2.0,0.0,0.0,0.0,0.0,0.0,2.0,0.0,0.0,0.0,0.0,0.0,0.0,2.0,2.0,0.0,0.0,0.0,2.0,0.0,0.0,-2.0,0.0,Big,False
288,275,Kevon Looney,C,27,GSW,37,31,20.4,2.2,3.7,0.601,0.0,0.0,0.0,2.2,3.7,0.601,0.601,1.0,1.4,0.712,2.6,4.6,7.2,2.4,0.5,0.3,0.8,2.6,5.5,13.2,0.6371640407784986,Big,False
289,276,Brook Lopez,C,35,MIL,37,37,31.3,4.7,10.0,0.474,1.6,5.1,0.326,3.1,4.9,0.626,0.557,1.5,1.9,0.814,1.5,3.6,5.1,1.4,0.6,2.9,0.9,2.8,12.6,15.999999999999998,0.5813953488372092,Big,False
290,277,Robin Lopez,C,35,MIL,10,0,2.5,0.2,0.5,0.4,0.2,0.4,0.5,0.0,0.1,0.0,0.6,0.2,0.2,1.0,0.0,0.2,0.2,0.2,0.0,0.1,0.1,0.3,0.8,0.9,0.6802721088435375,Big,False
291,278,Kevin Love,PF,35,MIA,30,5,19.2,3.2,7.1,0.455,1.7,4.8,0.352,1.5,2.3,0.676,0.575,2.1,2.7,0.79,1.1,5.7,6.8,2.6,0.4,0.2,0.7,1.8,10.3,15.100000000000003,0.6213803088803089,Big,False
292,279,Kyle Lowry,PG,37,MIA,32,32,28.4,3.1,6.6,0.462,1.9,4.5,0.434,1.1,2.2,0.522,0.608,1.1,1.3,0.833,0.7,2.9,3.6,4.0,1.1,0.4,1.5,2.6,9.2,13.099999999999998,0.64138315672058,Backcourt,False
293,280,Seth Lundy,SF,23,ATL,5,0,7.4,0.6,2.4,0.25,0.4,2.0,0.2,0.2,0.4,0.5,0.333,0.0,0.0,0.0,0.2,0.4,0.6,0.0,0.0,0.0,0.2,1.0,1.6,0.20000000000000034,0.33333333333333337,Wing,False
294,281,Trey Lyles,PF,28,SAC,23,0,20.2,2.5,5.3,0.475,1.6,3.9,0.411,0.9,1.4,0.656,0.627,0.9,1.4,0.625,0.9,4.1,5.0,1.4,0.1,0.3,0.7,1.7,7.5,10.3,0.6338742393509128,Big,False
295,282,Théo Maledon,PG,22,CHO,13,1,15.4,1.5,5.1,0.288,0.4,2.3,0.167,1.1,2.8,0.389,0.326,0.8,0.9,0.917,0.3,1.5,1.8,2.2,0.5,0.0,1.2,1.4,4.2,3.8,0.3820960698689957,Backcourt,False
296,283,Sandro Mamukelashvili,C,24,SAS,20,0,6.9,0.9,2.3,0.4,0.4,1.3,0.269,0.6,1.0,0.579,0.478,0.5,0.6,0.833,0.6,1.3,1.9,1.2,0.2,0.3,0.4,0.7,2.7,4.4,0.5265210608424338,Big,False
297,284,Terance Mann,SG,27,LAC,31,27,25.3,2.8,6.4,0.432,0.9,3.2,0.286,1.9,3.3,0.574,0.503,0.8,1.1,0.743,1.1,2.1,3.2,1.9,0.7,0.3,0.6,1.8,7.3,8.9,0.5302149912841371,Backcourt,False
298,285,Tre Mann,PG,22,OKC,12,0,8.5,1.3,2.9,0.457,0.4,1.3,0.333,0.9,1.7,0.55,0.529,0.1,0.1,1.0,0.3,1.2,1.4,1.3,0.3,0.0,0.7,0.3,3.2,3.8999999999999995,0.5434782608695653,Backcourt,False
299,286,Boban Marjanovi?,C,35,HOU,5,0,6.0,1.2,2.8,0.429,0.0,0.4,0.0,1.2,2.4,0.5,0.429,0.0,0.2,0.0,0.8,1.6,2.4,0.8,0.0,0.2,0.0,0.6,2.4,4.0,0.4155124653739612,Big,False
300,287,Lauri Markkanen,PF,26,UTA,29,29,32.6,8.0,16.3,0.488,3.2,8.3,0.386,4.8,8.0,0.595,0.587,4.5,5.2,0.867,2.4,6.3,8.8,1.7,0.9,0.7,1.1,2.0,23.6,25.60000000000001,0.6348181622552185,Big,False
301,288,Naji Marshall,SF,26,NOP,29,0,18.9,2.8,6.0,0.463,1.0,2.5,0.389,1.8,3.6,0.515,0.543,1.6,1.9,0.818,1.1,2.7,3.9,2.2,0.7,0.2,1.1,1.4,8.1,10.499999999999998,0.5924517261556466,Wing,False
302,289,Caleb Martin,SF,28,MIA,20,10,26.5,4.3,9.6,0.443,1.3,3.3,0.379,3.0,6.3,0.476,0.508,1.3,1.9,0.676,1.3,3.8,5.1,2.3,0.8,0.3,1.4,2.3,11.0,12.200000000000003,0.5270218474511307,Wing,False
303,290,Cody Martin,SF,28,CHO,7,2,25.9,3.1,8.1,0.386,1.1,3.4,0.333,2.0,4.7,0.424,0.456,0.6,1.4,0.4,1.1,1.7,2.9,2.1,1.7,0.6,0.9,1.6,8.0,8.599999999999998,0.4589261128958238,Wing,False
304,291,KJ Martin,SF,23,TOT,24,0,6.9,0.8,1.7,0.463,0.0,0.3,0.125,0.8,1.4,0.545,0.476,0.2,0.4,0.5,0.3,0.5,0.8,0.5,0.4,0.0,0.3,1.0,1.8,2.1,0.4797441364605544,Wing,False
305,291,KJ Martin,SF,23,LAC,2,0,15.5,2.0,5.0,0.4,0.5,2.5,0.2,1.5,2.5,0.6,0.45,0.5,1.0,0.5,0.5,1.0,1.5,0.5,1.0,0.5,1.0,1.5,5.0,4.0,0.45955882352941174,Wing,False
306,291,KJ Martin,SF,23,PHI,22,0,6.1,0.7,1.4,0.484,0.0,0.1,0.0,0.7,1.3,0.536,0.484,0.2,0.4,0.5,0.2,0.5,0.7,0.5,0.4,0.0,0.2,1.0,1.5,2.0,0.4758883248730965,Wing,False
307,292,Garrison Mathews,SG,27,ATL,23,3,11.7,1.0,2.1,0.458,0.9,2.0,0.457,0.0,0.1,0.5,0.677,0.0,0.1,0.0,0.2,0.9,1.1,0.4,0.3,0.1,0.3,1.6,2.8,3.1999999999999993,0.6529850746268656,Backcourt,False
308,293,Bennedict Mathurin,SF,21,IND,37,12,25.6,5.1,11.0,0.466,1.4,3.6,0.383,3.8,7.4,0.505,0.528,3.1,3.6,0.837,1.1,2.8,3.9,1.9,0.6,0.2,1.5,2.0,14.7,13.399999999999997,0.5840750158931977,Wing,True
309,294,Wesley Matthews,SG,37,ATL,19,1,11.2,0.5,2.1,0.256,0.3,1.6,0.2,0.2,0.5,0.444,0.333,0.7,1.0,0.737,0.2,1.2,1.4,0.6,0.5,0.2,0.3,1.4,2.1,2.5999999999999996,0.41338582677165353,Backcourt,False
310,295,Tyrese Maxey,PG,23,PHI,35,35,37.4,9.0,19.9,0.453,3.1,8.3,0.374,5.9,11.7,0.51,0.531,5.1,5.8,0.868,0.6,3.2,3.7,6.7,0.9,0.5,1.6,2.1,26.2,24.8,0.5834669517192232,Backcourt,True
311,296,Skylar Mays,PG,26,POR,21,5,17.0,2.5,6.6,0.384,0.7,2.3,0.286,1.9,4.2,0.438,0.435,0.6,0.8,0.765,0.4,1.3,1.8,3.6,0.7,0.1,0.9,1.0,6.3,7.299999999999999,0.45310701956271576,Backcourt,False
312,297,Miles McBride,PG,23,NYK,24,0,7.0,1.2,2.6,0.452,0.8,1.5,0.486,0.4,1.0,0.4,0.597,0.2,0.2,0.8,0.1,0.3,0.4,0.8,0.3,0.0,0.1,0.8,3.3,3.2999999999999994,0.6138392857142857,Backcourt,False
313,298,CJ McCollum,PG,32,NOP,25,25,32.4,7.0,15.1,0.466,3.5,7.9,0.447,3.5,7.2,0.486,0.582,2.1,2.7,0.791,0.6,3.6,4.2,5.0,1.3,0.8,1.6,2.0,19.7,20.699999999999996,0.6047396856581532,Backcourt,False
314,299,T.J. McConnell,PG,31,IND,29,1,15.9,3.5,6.4,0.545,0.0,0.5,0.071,3.5,6.0,0.584,0.548,0.9,1.2,0.743,0.6,2.1,2.7,5.1,1.0,0.1,1.2,1.0,8.0,12.499999999999998,0.5773672055427251,Backcourt,False
315,300,Jaden McDaniels,SF,23,MIN,27,26,27.9,4.3,8.5,0.509,1.1,3.2,0.349,3.2,5.3,0.604,0.574,0.6,0.9,0.739,0.6,1.9,2.4,1.2,0.8,0.6,1.0,3.4,10.4,9.899999999999999,0.5845323741007193,Wing,False
316,301,Jalen McDaniels,SF,26,TOR,23,0,9.5,1.0,3.2,0.311,0.3,1.7,0.184,0.7,1.6,0.444,0.358,0.3,0.3,0.875,0.2,1.0,1.2,0.6,0.3,0.1,0.3,1.1,2.6,2.299999999999999,0.39015606242497,Wing,False
317,302,Doug McDermott,SF,32,SAS,32,0,15.9,2.1,4.6,0.453,1.7,3.7,0.458,0.4,0.9,0.433,0.635,0.3,0.4,0.667,0.1,0.9,1.0,1.3,0.3,0.1,0.5,1.1,6.1,5.700000000000001,0.638609715242881,Wing,False
318,303,JaVale McGee,C,36,SAC,31,0,8.2,1.9,3.0,0.652,0.0,0.0,0.0,1.9,2.9,0.659,0.652,0.7,1.2,0.611,1.0,1.9,2.9,0.5,0.2,0.5,1.0,1.2,4.6,6.1,0.6519274376417233,Big,False
319,304,Bryce McGowens,SG,21,CHO,30,10,17.8,1.8,4.2,0.424,0.8,2.1,0.381,1.0,2.1,0.468,0.52,0.9,1.2,0.722,0.4,1.5,1.9,1.0,0.3,0.1,0.5,1.6,5.2,5.3,0.5499153976311337,Backcourt,False
320,305,Jordan McLaughlin,PG,27,MIN,17,0,8.1,0.9,2.2,0.405,0.5,1.3,0.364,0.4,0.9,0.467,0.514,0.2,0.2,0.75,0.2,0.6,0.8,1.6,0.7,0.2,0.1,0.3,2.4,4.300000000000001,0.5244755244755244,Backcourt,False
321,306,De'Anthony Melton,SG,25,PHI,32,32,29.2,4.0,10.0,0.398,2.1,5.8,0.368,1.8,4.2,0.44,0.505,1.9,2.3,0.827,0.8,3.2,4.0,3.2,1.7,0.5,1.2,2.4,12.0,13.799999999999999,0.5448601525608427,Backcourt,False
322,307,Nathan Mensah,C,25,CHO,11,0,13.6,0.6,1.3,0.5,0.0,0.0,0.0,0.6,1.3,0.5,0.5,0.6,0.9,0.7,1.0,2.2,3.2,0.2,0.4,0.6,0.6,2.5,1.9,4.7,0.5601415094339621,Big,False
323,308,Sam Merrill,SG,27,CLE,21,0,13.6,2.4,5.8,0.418,2.1,4.9,0.437,0.3,0.9,0.316,0.602,0.3,0.3,0.857,0.3,1.3,1.6,1.3,0.2,0.0,0.3,1.1,7.3,6.7,0.6153068105192179,Backcourt,False
324,309,Chimezie Metu,C,26,PHO,27,5,13.3,2.1,4.1,0.509,0.5,1.8,0.292,1.6,2.4,0.672,0.571,1.1,1.2,0.879,0.7,2.3,3.1,0.5,0.6,0.2,0.8,1.1,5.8,7.3,0.6266205704407951,Big,False
325,310,Vasilije Mici?,PG,30,OKC,16,0,12.6,1.2,3.3,0.358,0.4,1.9,0.2,0.8,1.4,0.565,0.415,0.3,0.4,0.667,0.1,0.6,0.7,3.1,0.4,0.2,0.8,1.1,3.0,4.400000000000002,0.4315304948216341,Backcourt,False
326,311,Khris Middleton,SF,32,MIL,32,32,25.4,5.6,11.5,0.49,1.7,4.4,0.38,3.9,7.0,0.56,0.564,1.8,2.1,0.836,0.6,3.8,4.4,4.9,0.8,0.2,2.2,2.2,14.7,16.6,0.5915969092079846,Wing,False
327,312,Brandon Miller,SF,21,CHO,31,25,30.9,5.4,12.8,0.421,2.1,5.5,0.379,3.3,7.4,0.452,0.501,1.5,1.9,0.81,0.8,3.0,3.8,2.2,0.6,0.5,1.6,2.7,14.4,12.1,0.5280140803754767,Wing,True
328,313,Jordan Miller,SF,24,LAC,3,0,4.0,0.7,1.0,0.667,0.3,0.3,1.0,0.3,0.7,0.5,0.833,0.0,0.0,0.0,0.0,0.3,0.3,0.0,0.0,0.0,0.3,0.7,1.7,1.4,0.85,Wing,False
329,314,Leonard Miller,SF,20,MIN,4,0,2.8,1.0,1.3,0.8,0.3,0.3,1.0,0.8,1.0,0.75,0.9,0.0,0.0,0.0,0.0,1.8,1.8,0.3,0.0,0.0,0.0,0.3,2.3,4.1,0.8846153846153845,Wing,False
330,315,Dariq Whitehead,SF,19,BRK,2,0,12.0,0.5,2.5,0.2,0.0,1.5,0.0,0.5,1.0,0.5,0.2,0.5,1.0,0.5,0.0,2.0,2.0,1.5,0.0,0.5,0.0,0.0,1.5,3.0,0.25510204081632654,Wing,False
331,316,Patty Mills,PG,35,ATL,8,0,9.1,0.6,1.8,0.357,0.6,1.3,0.5,0.0,0.5,0.0,0.536,0.0,0.0,0.0,0.1,0.8,0.9,0.6,0.1,0.1,0.4,1.3,1.9,2.0,0.5277777777777778,Backcourt,False
332,317,Shake Milton,SG,27,MIN,31,0,13.5,1.7,4.3,0.396,0.4,1.6,0.265,1.3,2.7,0.471,0.444,1.2,1.4,0.818,0.2,1.3,1.4,1.3,0.5,0.1,0.8,1.3,5.0,4.699999999999999,0.5085435313262816,Backcourt,False
333,318,Justin Minaya,SF,24,POR,7,0,7.1,0.4,1.4,0.3,0.3,0.9,0.333,0.1,0.6,0.25,0.4,0.3,0.6,0.5,0.7,0.1,0.9,0.1,0.0,0.3,0.3,0.4,1.4,1.0999999999999996,0.4206730769230769,Wing,False
334,319,Josh Minott,SF,21,MIN,14,0,2.6,0.6,1.1,0.533,0.0,0.4,0.0,0.6,0.7,0.8,0.533,0.6,0.7,0.8,0.1,0.1,0.2,0.2,0.0,0.1,0.1,0.3,1.7,1.5,0.6036931818181818,Wing,False
335,320,Davion Mitchell,PG,25,SAC,30,3,12.3,1.3,3.6,0.358,0.5,1.9,0.246,0.8,1.7,0.481,0.422,0.4,0.5,0.733,0.1,0.8,0.9,1.8,0.2,0.1,0.5,1.1,3.4,3.4999999999999996,0.4450261780104712,Backcourt,False
336,321,Donovan Mitchell,SG,27,CLE,27,27,35.7,9.4,20.8,0.455,3.1,8.9,0.35,6.3,11.9,0.533,0.529,5.2,6.0,0.876,1.0,4.3,5.3,5.7,1.9,0.5,2.7,2.2,27.2,25.700000000000003,0.5802047781569966,Backcourt,False
337,322,Evan Mobley,PF,22,CLE,21,21,33.6,6.8,11.8,0.573,0.1,0.5,0.2,6.7,11.3,0.588,0.577,2.4,3.1,0.769,2.7,7.8,10.5,2.9,0.8,1.7,2.3,2.9,16.0,23.9,0.6077180188392585,Big,True
338,323,Isaiah Mobley,PF,24,CLE,3,0,4.7,0.7,1.3,0.5,0.3,0.7,0.5,0.3,0.7,0.5,0.625,0.0,0.0,0.0,0.0,0.7,0.7,1.3,0.3,0.0,0.3,0.7,1.7,3.1,0.6538461538461539,Big,False
339,324,Malik Monk,SG,25,SAC,36,0,25.6,5.1,11.4,0.446,2.6,6.4,0.407,2.5,5.0,0.497,0.561,2.2,2.5,0.878,0.4,2.2,2.6,5.4,0.6,0.7,2.1,1.9,15.0,15.6,0.6,Backcourt,False
340,325,Moses Moody,SG,21,GSW,34,4,18.0,3.1,6.5,0.482,1.1,3.1,0.358,2.0,3.4,0.595,0.568,1.3,1.7,0.789,1.1,2.0,3.1,0.8,0.7,0.3,0.7,1.4,8.7,9.1,0.6001655629139072,Backcourt,False
341,326,Xavier Moon,SG,29,LAC,2,0,6.0,0.5,1.0,0.5,0.0,0.5,0.0,0.5,0.5,1.0,0.5,0.0,0.0,0.0,0.0,1.0,1.0,1.5,0.0,0.0,0.5,0.5,1.0,2.5,0.5,Backcourt,False
342,327,Wendell Moore Jr.,SG,22,MIN,8,0,2.8,0.1,0.4,0.333,0.0,0.3,0.0,0.1,0.1,1.0,0.333,0.0,0.0,0.0,0.0,0.4,0.4,0.1,0.1,0.1,0.3,0.1,0.3,0.39999999999999986,0.37499999999999994,Backcourt,False
343,328,Ja Morant,PG,24,MEM,9,9,35.3,8.9,18.9,0.471,1.6,5.7,0.275,7.3,13.2,0.555,0.512,5.8,7.1,0.813,0.7,4.9,5.6,8.1,0.8,0.6,3.0,2.1,25.1,25.900000000000002,0.5698329095532148,Backcourt,False
344,329,Marcus Morris,PF,34,PHI,28,5,16.0,2.3,5.1,0.458,1.0,2.4,0.426,1.3,2.6,0.486,0.56,0.8,1.0,0.852,0.5,2.2,2.7,0.8,0.4,0.4,0.4,1.8,6.5,7.3999999999999995,0.5866425992779783,Big,False
345,330,Markieff Morris,PF,34,DAL,15,1,9.7,1.0,3.1,0.326,0.6,1.9,0.321,0.4,1.2,0.333,0.424,0.1,0.1,0.5,0.3,1.6,1.9,0.7,0.3,0.1,0.6,0.7,2.7,2.999999999999999,0.42938931297709926,Big,False
346,331,Trey Murphy III,SF,23,NOP,15,2,25.9,4.6,10.1,0.454,2.7,6.7,0.406,1.9,3.4,0.549,0.589,1.9,2.2,0.848,0.5,3.3,3.7,2.1,0.7,0.4,0.6,1.1,13.8,14.299999999999999,0.6234188651969643,Wing,True
347,332,Dejounte Murray,SG,27,ATL,36,36,34.7,8.1,17.3,0.466,2.4,6.1,0.394,5.7,11.2,0.505,0.535,2.6,3.1,0.814,0.8,3.8,4.6,5.0,1.4,0.3,2.1,1.7,21.1,20.599999999999994,0.5652593227603944,Backcourt,False
348,333,Jamal Murray,PG,26,DEN,25,25,30.0,7.6,16.1,0.47,2.4,5.8,0.41,5.2,10.3,0.504,0.544,3.0,3.4,0.893,0.6,3.2,3.8,6.2,1.0,0.8,1.8,2.1,20.5,21.599999999999998,0.5825187542623324,Backcourt,False
349,334,Keegan Murray,SF,23,SAC,33,33,32.9,6.1,13.1,0.467,2.5,6.8,0.372,3.6,6.4,0.567,0.562,1.4,1.7,0.825,1.4,4.2,5.5,1.6,1.2,0.5,0.9,2.6,16.2,16.8,0.5849220103986136,Wing,True
350,335,Kris Murray,SF,23,POR,20,0,11.4,1.2,3.3,0.364,0.5,1.7,0.303,0.7,1.7,0.424,0.439,0.3,0.4,0.75,0.8,1.2,1.9,0.6,0.8,0.2,0.3,0.8,3.2,4.2,0.4602991944764097,Wing,False
351,336,Mike Muscala,C,32,WAS,24,2,14.1,1.4,3.8,0.367,0.6,2.1,0.275,0.8,1.6,0.487,0.444,0.6,0.8,0.75,0.9,2.2,3.1,0.9,0.2,0.3,0.7,1.3,4.0,5.199999999999999,0.4816955684007707,Big,False
352,337,Svi Mykhailiuk,SF,26,BOS,16,0,7.4,0.6,2.4,0.256,0.4,2.0,0.188,0.3,0.4,0.571,0.333,0.1,0.3,0.5,0.3,0.7,0.9,0.3,0.3,0.0,0.4,0.6,1.8,0.9,0.35545023696682465,Wing,False
353,338,Larry Nance Jr.,C,31,NOP,21,0,16.8,1.9,3.5,0.534,0.4,0.9,0.421,1.5,2.6,0.574,0.589,0.6,0.9,0.667,1.5,3.7,5.2,1.0,1.0,0.4,1.0,1.2,4.7,9.4,0.6031827515400411,Big,False
354,339,Andrew Nembhard,PG,24,IND,25,8,19.9,3.3,6.9,0.474,0.6,2.1,0.308,2.6,4.8,0.545,0.52,0.3,0.4,0.727,0.6,1.1,1.7,4.0,0.9,0.0,1.8,2.1,7.5,8.6,0.5299604296212549,Backcourt,False
355,340,Aaron Nesmith,SF,24,IND,35,10,25.5,4.2,8.3,0.51,2.1,4.6,0.456,2.1,3.7,0.577,0.636,1.2,1.6,0.719,0.8,2.4,3.3,1.1,1.1,0.7,0.9,3.2,11.7,12.5,0.6497112394491336,Wing,False
356,341,Georges Niang,PF,30,CLE,36,1,22.2,3.2,7.7,0.414,1.7,4.8,0.347,1.5,2.9,0.524,0.522,0.4,0.5,0.842,0.4,3.4,3.8,1.2,0.3,0.2,0.9,2.4,8.5,8.5,0.5366161616161617,Big,False
357,342,Daishen Nix,PG,21,MIN,6,0,3.5,0.5,1.3,0.375,0.3,0.8,0.4,0.2,0.5,0.333,0.5,0.0,0.3,0.0,0.0,0.2,0.2,0.0,0.2,0.0,0.0,0.0,1.3,0.5999999999999999,0.4539106145251397,Backcourt,False
358,343,Zeke Nnaji,PF,23,DEN,33,0,9.9,1.2,2.5,0.482,0.2,0.5,0.333,1.1,2.1,0.515,0.512,0.8,1.2,0.641,1.2,1.1,2.2,0.5,0.2,0.6,0.6,1.6,3.3,4.5,0.5449141347424042,Big,False
359,344,Jaylen Nowell,SG,24,MEM,9,1,17.3,2.4,6.1,0.4,0.4,2.6,0.174,2.0,3.6,0.563,0.436,0.3,0.3,1.0,0.3,1.2,1.6,1.8,0.3,0.0,0.6,1.4,5.7,5.100000000000003,0.4573170731707318,Backcourt,False
360,345,Markquis Nowell,SG,24,TOR,1,0,4.0,0.0,1.0,0.0,0.0,0.0,0.0,0.0,1.0,0.0,0.0,2.0,2.0,1.0,2.0,0.0,2.0,2.0,1.0,0.0,0.0,0.0,2.0,6.0,0.5319148936170213,Backcourt,False
361,346,Jusuf Nurki?,C,29,PHO,35,35,27.8,4.7,9.7,0.484,0.6,2.2,0.273,4.1,7.5,0.545,0.515,2.5,3.5,0.713,2.8,7.5,10.3,3.5,0.9,1.1,1.9,3.3,12.5,20.400000000000002,0.5560498220640571,Big,False
362,347,Jordan Nwora,SF,25,IND,15,0,9.9,2.2,4.4,0.5,0.7,1.9,0.357,1.5,2.5,0.605,0.576,0.5,0.6,0.889,0.5,1.4,1.9,0.9,0.3,0.1,0.7,1.1,5.6,5.800000000000001,0.6003430531732418,Wing,False
363,348,Royce O'Neale,SF,30,BRK,36,6,25.4,2.6,6.8,0.385,2.0,5.4,0.371,0.6,1.4,0.44,0.533,0.3,0.5,0.611,0.9,3.8,4.6,3.1,0.8,0.6,1.1,2.4,7.5,11.100000000000003,0.5341880341880342,Wing,False
364,349,Chuma Okeke,SF,25,ORL,20,3,10.5,0.8,2.5,0.327,0.6,1.9,0.289,0.3,0.6,0.455,0.439,0.0,0.1,0.0,0.5,2.0,2.5,0.6,0.2,0.2,0.4,0.5,2.2,3.5,0.43238993710691825,Wing,False
365,350,Josh Okogie,SG,25,PHO,31,11,19.7,1.7,4.3,0.394,0.5,2.0,0.242,1.2,2.3,0.529,0.451,1.8,2.4,0.77,1.4,1.5,2.9,1.4,1.0,0.5,0.7,1.7,5.7,7.6000000000000005,0.5321135175504108,Backcourt,False
366,351,Onyeka Okongwu,C,23,ATL,35,3,24.9,3.7,6.2,0.593,0.4,1.3,0.295,3.3,4.9,0.669,0.623,1.9,2.3,0.825,2.5,4.3,6.8,1.4,0.5,1.0,0.7,2.8,9.6,15.7,0.6655574043261231,Big,False
367,352,Isaac Okoro,SF,23,CLE,27,16,25.8,3.0,6.0,0.503,0.9,2.4,0.364,2.1,3.6,0.598,0.577,1.6,2.2,0.7,1.4,2.0,3.4,2.0,0.9,0.4,0.9,2.2,8.5,10.700000000000001,0.609931113662457,Wing,False
368,353,Kelly Olynyk,C,32,UTA,37,8,21.3,2.9,5.2,0.565,0.8,1.8,0.433,2.1,3.4,0.637,0.641,1.5,1.8,0.877,1.4,3.7,5.1,4.5,0.9,0.3,1.7,2.7,8.2,14.699999999999996,0.6842456608811749,Big,False
369,354,Eugene Omoruyi,SF,26,WAS,19,0,5.8,1.7,2.9,0.582,0.3,0.9,0.294,1.4,2.0,0.711,0.627,0.8,1.1,0.762,0.6,0.9,1.5,0.6,0.5,0.1,0.5,1.1,4.5,5.199999999999999,0.6648936170212766,Wing,False
370,355,Cedi Osman,SF,28,SAS,36,1,18.5,2.9,6.1,0.47,1.2,3.3,0.356,1.7,2.8,0.604,0.566,0.8,1.1,0.675,0.4,2.2,2.6,1.9,0.5,0.1,0.6,1.5,7.6,8.6,0.5771567436208992,Wing,False
371,356,Kelly Oubre Jr.,SF,28,PHI,25,14,27.2,5.0,10.6,0.466,1.7,4.7,0.364,3.2,5.9,0.547,0.547,1.8,2.4,0.738,1.0,3.1,4.2,1.1,1.2,0.4,0.9,2.4,13.4,13.200000000000001,0.5748112560054908,Wing,False
372,357,Chris Paul,PG,38,GSW,32,11,27.6,3.3,7.7,0.424,1.3,3.7,0.361,1.9,3.9,0.484,0.512,1.1,1.3,0.833,0.3,3.5,3.8,7.2,1.1,0.1,1.2,1.8,8.9,15.300000000000004,0.5379593810444875,Backcourt,False
373,358,Cameron Payne,PG,29,MIL,36,2,15.4,2.1,4.6,0.452,1.1,2.8,0.38,1.0,1.8,0.561,0.566,0.9,1.0,0.886,0.1,1.1,1.1,2.4,0.4,0.1,0.8,1.8,6.1,6.7,0.6051587301587301,Backcourt,False
374,359,Gary Payton II,SG,31,GSW,16,0,16.3,2.3,4.9,0.456,0.6,2.0,0.281,1.7,2.9,0.574,0.513,0.4,0.6,0.667,1.0,2.0,3.0,0.8,1.1,0.3,0.6,1.8,5.4,7.2,0.52285050348567,Backcourt,False
375,360,Drew Peterson,PF,24,BOS,1,0,3.0,1.0,1.0,1.0,1.0,1.0,1.0,0.0,0.0,0.0,1.5,0.0,0.0,0.0,0.0,0.0,0.0,1.0,0.0,0.0,0.0,1.0,3.0,4.0,1.5,Big,False
376,361,Filip Petruev,C,23,TOT,3,0,3.3,0.3,0.7,0.5,0.0,0.0,0.0,0.3,0.7,0.5,0.5,0.3,0.7,0.5,0.0,0.3,0.3,0.0,0.0,0.0,0.0,0.3,1.0,0.5000000000000002,0.49603174603174605,Big,False
377,361,Filip Petruev,C,23,PHI,1,0,3.0,0.0,0.0,0.0,0.0,0.0,0.0,0.0,0.0,0.0,0.0,0.0,0.0,0.0,0.0,1.0,1.0,0.0,0.0,0.0,0.0,0.0,0.0,1.0,0.0,Big,False
378,361,Filip Petruev,C,23,SAC,2,0,3.5,0.5,1.0,0.5,0.0,0.0,0.0,0.5,1.0,0.5,0.5,0.5,1.0,0.5,0.0,0.0,0.0,0.0,0.0,0.0,0.0,0.5,1.5,0.5,0.5208333333333334,Big,False
379,362,Julian Phillips,SF,20,CHI,21,0,4.5,0.4,1.1,0.333,0.0,0.6,0.083,0.3,0.6,0.583,0.354,0.0,0.2,0.25,0.1,0.4,0.5,0.3,0.0,0.1,0.1,0.6,0.9,0.8000000000000002,0.37878787878787873,Wing,False
380,363,Jalen Pickett,SG,24,DEN,15,0,6.0,0.7,1.7,0.44,0.5,1.2,0.389,0.3,0.5,0.571,0.58,0.1,0.1,1.0,0.1,0.7,0.7,0.7,0.2,0.0,0.4,0.5,2.1,2.3000000000000003,0.6020642201834863,Backcourt,False
381,364,Mason Plumlee,C,33,LAC,8,0,14.3,1.8,2.6,0.667,0.0,0.0,0.0,1.8,2.6,0.667,0.667,1.4,2.6,0.524,1.1,3.5,4.6,1.1,0.5,0.1,0.6,0.9,4.9,8.6,0.6543803418803419,Big,False
382,365,Brandin Podziemski,SG,20,GSW,31,9,23.8,3.5,7.6,0.455,1.4,3.3,0.408,2.1,4.3,0.492,0.545,0.7,1.1,0.618,1.5,3.9,5.5,3.2,0.9,0.2,1.3,1.8,8.9,12.899999999999999,0.5504700643245918,Backcourt,False
383,366,Jakob Poeltl,C,28,TOR,36,36,26.5,4.7,6.9,0.685,0.0,0.0,0.0,4.7,6.9,0.685,0.685,1.2,2.2,0.532,2.8,5.6,8.3,2.5,0.7,1.4,1.6,2.9,10.6,18.699999999999996,0.6736146415861718,Big,False
384,367,Aleksej Pokusevski,PF,22,OKC,7,0,6.1,0.3,1.6,0.182,0.1,1.1,0.125,0.1,0.4,0.333,0.227,0.1,0.3,0.5,0.3,0.9,1.1,0.7,0.0,0.1,0.4,0.7,0.9,0.9000000000000002,0.25981524249422633,Big,False
385,368,Jordan Poole,SG,24,WAS,36,36,29.1,6.0,14.6,0.414,2.0,6.4,0.316,4.0,8.1,0.491,0.484,2.8,3.2,0.853,0.4,1.9,2.4,3.7,1.0,0.3,2.4,3.1,16.8,12.799999999999999,0.5247376311844079,Backcourt,False
386,369,Craig Porter Jr.,PG,23,CLE,25,5,15.9,3.0,5.9,0.503,0.3,0.8,0.35,2.7,5.1,0.528,0.527,1.0,1.5,0.658,0.6,2.1,2.7,3.2,0.7,0.5,1.1,1.0,7.2,9.8,0.548780487804878,Backcourt,False
387,370,Jontay Porter,PF,24,TOR,5,0,12.2,1.6,3.8,0.421,0.6,2.4,0.25,1.0,1.4,0.714,0.5,0.4,0.4,1.0,1.0,2.0,3.0,1.6,0.4,0.4,0.8,1.8,4.2,6.600000000000002,0.5281690140845071,Big,False
388,371,Michael Porter Jr.,SF,25,DEN,39,39,30.9,6.2,13.0,0.473,2.7,6.9,0.394,3.4,6.1,0.563,0.578,1.0,1.3,0.776,1.3,5.8,7.1,1.4,0.4,0.7,1.0,1.9,16.0,17.499999999999996,0.5894488653109343,Wing,False
389,372,Otto Porter Jr.,SF,30,TOR,15,1,11.6,0.9,2.2,0.424,0.5,1.5,0.348,0.4,0.7,0.6,0.545,0.2,0.2,1.0,0.4,1.5,1.9,0.5,0.3,0.3,0.1,1.3,2.6,4.199999999999999,0.5681818181818181,Wing,False
390,373,Bobby Portis,PF,28,MIL,37,0,23.5,4.9,9.9,0.496,0.9,2.8,0.337,4.0,7.1,0.559,0.544,1.2,1.6,0.776,1.7,4.9,6.6,1.1,0.7,0.5,0.9,2.6,12.0,14.600000000000001,0.5658242172764993,Big,False
391,374,Kristaps Porzi??is,C,28,BOS,27,27,30.0,6.6,12.4,0.533,1.6,5.0,0.326,5.0,7.4,0.672,0.598,4.9,5.9,0.835,1.6,5.4,7.0,1.9,0.7,1.8,1.5,2.8,19.8,22.9,0.6601760469458522,Big,False
392,375,Micah Potter,PF,25,UTA,2,0,3.5,0.0,0.5,0.0,0.0,0.5,0.0,0.0,0.0,0.0,0.0,0.0,0.0,0.0,0.0,2.0,2.0,0.0,0.0,0.0,0.0,0.0,0.0,1.5,0.0,Big,False
393,376,Dwight Powell,C,32,DAL,35,6,15.4,1.6,2.3,0.713,0.0,0.1,0.5,1.6,2.2,0.718,0.719,1.5,2.0,0.754,1.6,2.0,3.7,1.5,0.5,0.4,0.5,2.0,4.8,9.200000000000001,0.7547169811320755,Big,False
394,377,Norman Powell,SG,30,LAC,37,0,25.6,4.6,9.3,0.493,2.0,4.5,0.455,2.6,4.9,0.528,0.601,2.1,2.4,0.898,0.2,2.2,2.4,1.0,0.6,0.4,0.9,1.8,13.4,11.9,0.6469679412900733,Backcourt,False
395,378,Joshua Primo,SG,21,LAC,1,0,5.0,1.0,2.0,0.5,0.0,1.0,0.0,1.0,1.0,1.0,0.5,0.0,0.0,0.0,0.0,0.0,0.0,0.0,0.0,1.0,3.0,0.0,2.0,-1.0,0.5,Backcourt,False
396,379,Taurean Prince,PF,29,LAL,36,36,31.0,3.5,8.3,0.428,2.2,5.6,0.393,1.3,2.7,0.5,0.561,0.6,0.9,0.742,0.3,2.6,2.9,1.8,1.0,0.5,0.9,2.3,9.9,10.1,0.5692272309107634,Big,False
397,380,Payton Pritchard,PG,26,BOS,37,0,20.5,2.7,6.4,0.416,1.6,4.4,0.379,1.0,2.1,0.494,0.544,0.4,0.5,0.65,1.0,2.2,3.2,2.9,0.4,0.1,0.6,1.2,7.4,9.600000000000001,0.5589123867069486,Backcourt,False
398,381,Olivier-Maxence Prosper,PF,21,DAL,23,0,9.3,1.0,2.7,0.349,0.3,1.3,0.258,0.6,1.4,0.438,0.413,0.8,1.2,0.704,0.7,1.6,2.3,0.8,0.1,0.1,0.2,0.7,3.1,4.099999999999999,0.4801734820322181,Big,False
399,382,Trevelin Queen,SG,26,ORL,5,0,21.0,1.6,4.4,0.364,0.6,1.8,0.333,1.0,2.6,0.385,0.432,0.8,1.0,0.8,0.6,1.6,2.2,2.2,1.2,0.4,0.6,2.4,4.6,6.999999999999999,0.47520661157024785,Backcourt,False
400,383,Neemias Queta,C,24,BOS,13,0,13.7,2.0,3.5,0.565,0.0,0.0,0.0,2.0,3.5,0.565,0.565,0.9,1.2,0.75,2.1,2.8,4.8,0.5,0.5,0.3,0.4,2.2,4.9,8.799999999999999,0.6082423038728898,Big,False
401,384,Immanuel Quickley,SG-PG,24,TOT,36,6,25.2,5.3,11.8,0.449,2.3,5.6,0.408,3.0,6.2,0.486,0.546,2.9,3.3,0.866,0.2,2.7,2.9,3.1,0.6,0.1,1.0,1.6,15.7,14.500000000000002,0.5923634168427406,,False
402,384,Immanuel Quickley,SG,24,NYK,30,0,24.0,5.1,11.2,0.454,2.1,5.4,0.395,2.9,5.8,0.509,0.549,2.7,3.1,0.872,0.2,2.4,2.6,2.5,0.5,0.1,1.0,1.5,15.0,13.200000000000003,0.5969436485195797,Backcourt,False
403,384,Immanuel Quickley,PG,24,TOR,6,6,31.2,6.3,14.7,0.432,3.0,6.5,0.462,3.3,8.2,0.408,0.534,3.5,4.2,0.84,0.3,4.3,4.7,6.2,0.7,0.2,1.0,2.5,19.2,20.9,0.5801305293691081,Backcourt,False
404,385,Lester Quinones,SG,23,GSW,6,0,5.3,1.0,2.7,0.375,0.7,1.8,0.364,0.3,0.8,0.4,0.5,0.0,0.0,0.0,0.2,0.7,0.8,0.3,0.2,0.0,0.5,0.7,2.7,1.7999999999999998,0.5,Backcourt,False
405,386,Julius Randle,PF,29,NYK,37,37,35.5,8.6,18.3,0.473,1.5,5.1,0.293,7.2,13.2,0.542,0.513,5.4,7.0,0.775,2.0,7.3,9.3,4.8,0.6,0.3,3.3,2.7,24.2,24.59999999999999,0.5659494855004676,Big,False
406,387,Duop Reath,C,27,POR,24,7,16.7,3.2,6.9,0.458,1.4,3.7,0.371,1.8,3.2,0.558,0.557,1.1,1.3,0.871,1.3,2.4,3.8,1.0,0.5,0.4,0.8,2.2,8.8,9.8,0.588865096359743,Big,False
407,388,Austin Reaves,SG,25,LAL,38,13,30.0,5.2,10.9,0.478,1.6,4.6,0.337,3.7,6.3,0.582,0.55,3.1,3.6,0.875,0.9,3.5,4.4,5.2,0.9,0.1,2.2,1.7,15.1,17.3,0.6047741108619032,Backcourt,False
408,389,Cam Reddish,SF,24,LAL,31,24,24.5,2.4,6.1,0.395,1.0,2.8,0.345,1.5,3.3,0.437,0.474,1.1,1.4,0.833,0.6,1.9,2.5,1.5,1.3,0.3,0.9,1.6,6.9,7.600000000000003,0.5136986301369864,Wing,False
409,390,Paul Reed,C,24,PHI,36,7,15.4,2.5,4.5,0.559,0.2,0.5,0.353,2.3,4.0,0.583,0.578,0.6,0.9,0.719,1.8,2.8,4.5,1.2,0.7,0.7,0.8,2.2,5.8,9.799999999999997,0.5923202614379085,Big,False
410,391,Naz Reid,C,24,MIN,37,0,22.7,4.8,9.6,0.504,1.9,4.8,0.401,2.9,4.8,0.607,0.604,1.2,1.5,0.852,1.1,3.8,5.0,1.1,0.6,0.6,1.3,2.0,12.8,13.700000000000003,0.6237816764132554,Big,False
411,392,Jared Rhoden,SG,24,DET,5,0,6.0,1.0,1.8,0.556,0.2,0.8,0.25,0.8,1.0,0.8,0.611,0.4,0.4,1.0,0.2,0.6,0.8,0.6,0.0,0.0,0.4,0.8,2.6,2.8000000000000003,0.6578947368421053,Backcourt,False
412,393,Nick Richards,C,26,CHO,29,16,24.1,3.4,5.0,0.69,0.0,0.0,0.0,3.4,5.0,0.69,0.69,1.9,2.5,0.75,2.3,5.1,7.4,0.8,0.4,1.3,1.0,2.7,8.8,15.5,0.7213114754098362,Big,False
413,394,Josh Richardson,SG,30,MIA,28,4,27.3,3.6,8.1,0.439,1.5,4.4,0.339,2.1,3.7,0.558,0.531,1.4,1.5,0.929,0.4,2.3,2.8,3.0,0.6,0.3,1.0,1.8,10.0,11.100000000000003,0.5707762557077626,Backcourt,False
414,395,Duncan Robinson,SF,29,MIA,35,16,29.0,4.8,10.5,0.455,3.0,7.2,0.414,1.8,3.3,0.543,0.597,1.4,1.6,0.86,0.3,2.3,2.6,3.1,0.6,0.2,1.3,2.4,13.9,13.200000000000003,0.6203141735094609,Wing,False
415,396,Jerome Robinson,SG,26,GSW,5,0,3.8,0.0,1.4,0.0,0.0,0.8,0.0,0.0,0.6,0.0,0.0,0.6,0.8,0.75,0.2,0.4,0.6,0.2,0.0,0.2,0.0,0.2,0.6,-1.1102230246251565e-16,0.17123287671232876,Backcourt,False
416,397,Mitchell Robinson,C,25,NYK,21,21,29.2,2.8,4.7,0.592,0.0,0.0,0.0,2.8,4.7,0.592,0.592,0.7,1.8,0.368,5.3,5.0,10.3,0.7,1.5,1.3,1.0,1.9,6.2,16.0,0.5644573925710124,Big,False
417,398,Orlando Robinson,C,23,MIA,15,7,14.3,2.1,3.9,0.525,0.5,0.8,0.583,1.6,3.1,0.511,0.585,0.7,1.1,0.688,1.2,2.7,3.9,1.6,0.3,0.5,0.9,1.9,5.3,8.5,0.604470802919708,Big,False
418,399,Jeremiah Robinson-Earl,PF,23,NOP,16,1,10.8,1.6,2.9,0.553,0.5,1.1,0.444,1.1,1.8,0.621,0.638,0.4,0.4,1.0,0.7,1.9,2.6,0.6,0.3,0.2,0.5,0.8,4.1,5.999999999999999,0.6664499349804941,Big,False
419,400,David Roddy,PF,22,MEM,34,8,21.6,2.8,6.9,0.4,0.9,3.1,0.286,1.9,3.8,0.492,0.464,0.9,1.3,0.711,0.9,2.8,3.6,1.2,0.5,0.3,0.9,1.2,7.4,7.599999999999998,0.49518201284796576,Big,False
420,401,Ryan Rollins,PG,21,WAS,10,0,6.6,1.3,2.5,0.52,0.2,0.3,0.667,1.1,2.2,0.5,0.56,1.3,1.7,0.765,0.2,0.9,1.1,1.1,0.8,0.3,0.7,0.7,4.1,5.099999999999999,0.6311576354679802,Backcourt,False
421,402,Derrick Rose,PG,35,MEM,17,7,17.9,3.3,7.5,0.438,0.6,1.9,0.333,2.6,5.6,0.474,0.48,1.1,1.2,0.905,0.4,1.4,1.8,3.4,0.4,0.1,1.3,1.1,8.4,8.500000000000002,0.523168908819133,Backcourt,False
422,403,Terry Rozier,SG,29,CHO,24,24,36.0,8.7,18.7,0.463,2.8,7.6,0.372,5.8,11.1,0.526,0.539,4.1,4.7,0.875,0.5,3.3,3.8,7.0,1.1,0.4,2.2,1.8,24.3,23.8,0.5850346687211094,Backcourt,False
423,404,Rayan Rupert,SG,19,POR,10,0,6.6,0.6,2.3,0.261,0.2,0.9,0.222,0.4,1.4,0.286,0.304,0.2,0.4,0.5,0.3,0.6,0.9,0.5,0.2,0.0,0.5,0.4,1.6,0.8000000000000005,0.32310177705977383,Backcourt,False
424,405,D'Angelo Russell,PG,27,LAL,34,28,28.8,5.5,11.9,0.463,2.0,5.3,0.383,3.5,6.6,0.527,0.548,1.5,2.0,0.765,0.3,2.5,2.8,6.1,0.8,0.5,1.8,1.9,14.6,16.099999999999998,0.571205007824726,Backcourt,False
425,406,Matt Ryan,SF,26,NOP,13,1,22.9,2.9,6.4,0.458,2.5,5.2,0.471,0.5,1.2,0.4,0.651,1.0,1.1,0.929,0.4,1.9,2.3,1.1,0.4,0.1,1.2,1.8,9.3,8.400000000000002,0.6754793724578734,Wing,False
426,407,Domantas Sabonis,C,27,SAC,37,37,34.9,8.1,13.4,0.604,0.5,1.2,0.395,7.6,12.3,0.623,0.621,3.6,5.4,0.667,3.4,9.3,12.7,7.7,0.9,0.5,3.3,3.2,20.2,31.600000000000005,0.6402129817444219,Big,False
427,408,Luka amani?,PF,24,UTA,17,0,6.6,1.2,3.1,0.377,0.3,1.2,0.25,0.9,1.9,0.455,0.425,0.5,0.6,0.818,0.4,1.7,2.1,0.2,0.1,0.1,0.5,0.6,3.2,3.1999999999999997,0.47562425683709875,Big,False
428,409,Jermaine Samuels,SF,25,HOU,6,0,6.3,0.8,1.2,0.714,0.0,0.3,0.0,0.8,0.8,1.0,0.714,0.3,0.3,1.0,0.2,1.2,1.3,0.3,0.2,0.2,0.0,0.5,2.0,3.6,0.7507507507507508,Wing,False
429,410,Adama Sanogo,PF,21,CHI,3,0,3.7,1.0,1.0,1.0,0.0,0.0,0.0,1.0,1.0,1.0,1.0,0.7,1.0,0.667,0.7,1.3,2.0,0.0,0.0,0.0,0.3,0.0,2.7,4.1000000000000005,0.9375000000000001,Big,False
430,411,Gui Santos,PF,21,GSW,5,0,6.4,0.8,2.0,0.4,0.2,1.2,0.167,0.6,0.8,0.75,0.45,1.2,1.2,1.0,0.8,1.4,2.2,0.4,0.0,0.0,0.4,0.6,3.0,4.0,0.5933544303797468,Big,False
431,412,Dario ari?,C,29,GSW,37,4,20.2,3.6,7.6,0.473,1.5,3.8,0.39,2.1,3.8,0.557,0.571,1.6,1.9,0.871,1.5,4.1,5.6,2.2,0.6,0.2,1.2,2.2,10.3,13.400000000000002,0.6104788999525842,Big,False
432,413,Olivier Sarr,C,24,OKC,8,0,8.4,0.8,1.4,0.545,0.3,0.6,0.4,0.5,0.8,0.667,0.636,0.8,1.0,0.75,0.8,2.5,3.3,0.3,0.0,0.6,0.3,1.8,2.5,5.6,0.6793478260869565,Big,False
433,414,Marcus Sasser,PG,23,DET,34,0,15.6,2.6,5.6,0.468,1.1,2.6,0.416,1.5,3.0,0.515,0.566,0.6,0.7,0.88,0.1,1.4,1.6,2.4,0.6,0.2,0.8,1.3,7.0,7.8999999999999995,0.5924170616113744,Backcourt,False
434,415,Admiral Schofield,PF,26,ORL,11,0,4.0,0.5,1.2,0.385,0.2,0.7,0.25,0.3,0.5,0.6,0.462,0.0,0.2,0.0,0.1,0.5,0.5,0.4,0.0,0.0,0.4,0.6,1.1,0.7000000000000001,0.42701863354037267,Big,False
435,416,Dennis Schröder,PG,30,TOR,38,31,31.9,5.3,11.7,0.454,1.6,4.4,0.349,3.7,7.2,0.518,0.52,2.6,3.0,0.851,0.5,2.3,2.8,6.7,0.9,0.1,1.6,2.1,14.7,16.8,0.564516129032258,Backcourt,False
436,417,Dereon Seabron,SG,23,NOP,5,0,10.4,0.8,2.6,0.308,0.2,0.4,0.5,0.6,2.2,0.273,0.346,1.0,1.2,0.833,0.2,1.2,1.4,0.8,0.4,0.2,0.0,0.8,2.8,3.5999999999999996,0.44757033248081834,Backcourt,False
437,418,Alperen ?engün,C,21,HOU,36,36,32.3,8.5,15.8,0.54,0.6,2.1,0.286,7.9,13.6,0.58,0.559,3.9,5.5,0.721,2.6,6.4,9.0,5.0,1.2,0.7,2.5,3.4,21.6,26.100000000000005,0.592755214050494,Big,True
438,419,Brice Sensabaugh,SF,20,UTA,3,0,2.7,0.0,0.7,0.0,0.0,0.0,0.0,0.0,0.7,0.0,0.0,0.0,0.0,0.0,0.3,0.7,1.0,0.0,0.0,0.0,0.0,0.0,0.0,0.30000000000000004,0.0,Wing,False
439,420,Collin Sexton,SG,25,UTA,39,16,23.5,5.5,11.5,0.479,1.3,3.8,0.347,4.2,7.7,0.543,0.536,3.8,4.3,0.888,0.8,1.8,2.6,3.8,0.7,0.2,1.8,2.0,16.2,15.2,0.6048387096774194,Backcourt,False
440,421,Landry Shamet,SG,26,WAS,22,0,16.0,2.8,6.2,0.453,1.3,3.5,0.372,1.5,2.7,0.559,0.558,0.7,1.0,0.652,0.1,1.2,1.3,1.4,0.6,0.3,0.7,1.7,7.6,6.800000000000001,0.5722891566265059,Backcourt,False
441,422,Day'Ron Sharpe,C,22,BRK,37,1,16.0,3.0,5.2,0.575,0.0,0.2,0.143,3.0,5.0,0.591,0.578,1.5,2.4,0.614,2.8,4.2,7.0,1.4,0.5,0.9,1.0,2.3,7.5,13.199999999999998,0.5994245524296675,Big,False
442,423,Shaedon Sharpe,SG,20,POR,31,25,33.5,5.6,13.5,0.412,1.9,5.6,0.339,3.7,7.9,0.463,0.482,3.2,3.8,0.824,1.3,3.7,5.0,3.0,0.9,0.4,2.3,2.7,16.2,14.699999999999992,0.5338781966780912,Backcourt,True
443,424,Ben Sheppard,SG,22,IND,16,0,6.6,1.0,2.4,0.421,0.5,1.6,0.32,0.5,0.8,0.615,0.526,0.3,0.4,0.667,0.1,0.5,0.6,0.6,0.3,0.0,0.1,0.7,2.8,2.6999999999999997,0.5434782608695652,Backcourt,False
444,425,Pascal Siakam,PF,29,TOR,37,37,34.8,8.4,16.1,0.525,1.1,3.6,0.308,7.3,12.5,0.588,0.56,4.2,5.6,0.754,1.4,5.0,6.4,5.0,0.8,0.3,2.2,2.3,22.2,23.399999999999995,0.5979314802844214,Big,False
445,426,Ben Simmons,PG,27,BRK,6,6,31.8,3.2,6.0,0.528,0.0,0.0,0.0,3.2,6.0,0.528,0.528,0.2,0.7,0.25,2.7,8.2,10.8,6.7,0.5,0.8,2.5,2.7,6.5,19.5,0.5152187698161066,Backcourt,False
446,427,Anfernee Simons,SG,24,POR,15,15,33.2,8.5,19.4,0.436,3.4,8.9,0.383,5.1,10.5,0.481,0.524,4.3,4.6,0.928,0.5,2.9,3.5,5.3,0.7,0.1,2.3,1.9,24.6,20.700000000000003,0.5741224794622853,Backcourt,False
447,428,Jericho Sims,C,25,NYK,18,5,6.4,0.6,0.8,0.667,0.0,0.0,0.0,0.6,0.8,0.667,0.667,0.2,0.3,0.6,0.3,1.1,1.4,0.2,0.1,0.1,0.2,0.8,1.3,2.6,0.6974248927038627,Big,False
448,429,Dmytro Skapintsev,C,25,NYK,2,0,1.0,0.0,0.5,0.0,0.0,0.0,0.0,0.0,0.5,0.0,0.0,0.0,0.0,0.0,0.0,0.0,0.0,0.0,0.0,0.0,0.0,0.0,0.0,-0.5,0.0,Big,False
449,430,Jalen Slawson,SF,24,SAC,5,0,3.8,0.4,0.6,0.667,0.0,0.2,0.0,0.4,0.4,1.0,0.667,0.0,0.0,0.0,0.0,0.8,0.8,0.4,0.0,0.2,0.4,0.6,0.8,1.6,0.6666666666666667,Wing,False
450,431,Javonte Smart,PG,24,PHI,1,0,1.0,0.0,0.0,0.0,0.0,0.0,0.0,0.0,0.0,0.0,0.0,0.0,0.0,0.0,0.0,0.0,0.0,0.0,0.0,0.0,0.0,0.0,0.0,0.0,0.0,Backcourt,False
451,432,Marcus Smart,PG,29,MEM,20,20,30.3,5.1,11.9,0.43,2.1,6.7,0.313,3.0,5.2,0.583,0.519,2.2,2.8,0.768,0.3,2.4,2.7,4.3,2.1,0.3,3.1,2.7,14.5,13.4,0.5520865062442888,Backcourt,False
452,433,Dennis Smith Jr.,PG,26,BRK,22,1,19.4,2.9,7.0,0.418,0.5,2.0,0.273,2.4,5.0,0.477,0.458,1.1,1.3,0.828,0.9,2.4,3.3,4.2,1.0,0.2,1.0,2.6,7.5,10.9,0.4952456418383518,Backcourt,False
453,434,Dru Smith,SG,26,MIA,9,0,14.6,1.7,3.7,0.455,0.8,1.9,0.412,0.9,1.8,0.5,0.561,0.2,0.2,1.0,0.7,0.9,1.6,1.6,1.0,0.3,0.6,1.3,4.3,6.200000000000001,0.5675818373812037,Backcourt,False
454,435,Ish Smith,PG,35,CHO,29,2,16.8,1.8,3.8,0.477,0.1,0.2,0.333,1.8,3.6,0.486,0.486,0.1,0.1,1.0,0.3,1.3,1.7,3.1,0.3,0.1,1.3,1.1,3.8,5.7,0.4942767950052029,Backcourt,False
455,436,Jabari Smith Jr.,PF,20,HOU,35,35,31.3,4.9,10.3,0.474,1.8,4.6,0.388,3.1,5.7,0.542,0.56,1.9,2.3,0.825,1.9,6.9,8.8,1.5,0.5,0.8,1.3,3.1,13.4,17.900000000000002,0.5922913719943422,Big,True
456,437,Jalen Smith,C,23,IND,24,8,17.2,3.9,6.1,0.637,1.1,2.3,0.482,2.8,3.8,0.733,0.729,1.4,1.9,0.717,1.4,4.0,5.4,1.0,0.3,0.5,0.9,2.3,10.3,13.900000000000004,0.7425028835063437,Big,True
457,438,Nick Smith Jr.,SG,19,CHO,20,0,14.3,2.7,6.2,0.439,1.5,3.2,0.476,1.2,3.0,0.4,0.561,0.2,0.2,0.75,0.5,0.9,1.4,0.9,0.2,0.4,0.8,1.2,7.1,5.7,0.5645674300254453,Backcourt,False
458,439,Jeremy Sochan,PF,20,SAS,36,35,29.1,4.3,9.8,0.433,0.9,2.6,0.37,3.3,7.3,0.456,0.482,1.5,1.9,0.771,1.5,4.0,5.5,3.9,0.6,0.3,2.0,2.4,10.9,13.299999999999999,0.5124106807070327,Big,True
459,440,Jaden Springer,SG,21,PHI,23,0,10.2,1.1,3.2,0.351,0.2,1.1,0.2,0.9,2.1,0.429,0.385,0.6,0.8,0.722,0.8,0.6,1.4,1.0,0.6,0.4,0.8,1.4,3.0,3.3000000000000007,0.4222972972972973,Backcourt,False
460,441,Lamar Stevens,PF,26,BOS,13,1,5.5,1.1,2.0,0.538,0.2,0.5,0.286,0.9,1.5,0.632,0.577,0.2,0.3,0.75,0.5,0.9,1.5,0.5,0.4,0.3,0.4,0.8,2.5,3.800000000000001,0.5863039399624765,Big,False
461,442,Isaiah Stewart,PF,22,DET,28,28,30.7,3.9,8.2,0.472,1.4,3.5,0.398,2.5,4.7,0.527,0.557,1.3,1.7,0.745,1.9,5.2,7.0,1.7,0.3,0.6,1.5,2.6,10.4,13.8,0.5811354492624051,Big,True
462,443,Julian Strawther,SF,21,DEN,33,0,13.9,2.2,5.6,0.384,1.1,3.5,0.322,1.0,2.1,0.486,0.484,0.5,0.7,0.696,0.1,1.4,1.5,1.1,0.5,0.2,0.5,1.4,5.9,5.1,0.4993229519295871,Wing,False
463,444,Max Strus,SF,27,CLE,36,36,34.5,4.9,12.2,0.403,2.8,8.2,0.347,2.1,4.0,0.517,0.519,1.1,1.4,0.796,0.8,4.3,5.1,3.9,1.0,0.6,1.7,2.9,13.8,15.100000000000001,0.5383895131086143,Wing,False
464,445,Jalen Suggs,SG,22,ORL,33,33,27.3,4.8,10.5,0.464,2.2,5.3,0.403,2.7,5.1,0.527,0.567,1.8,2.4,0.769,0.7,2.8,3.4,2.5,1.5,0.7,2.1,2.9,13.7,13.399999999999999,0.5927656628591207,Backcourt,True
465,446,Cole Swider,SF,24,MIA,7,0,5.0,1.1,2.4,0.471,0.7,1.9,0.385,0.4,0.6,0.75,0.618,0.0,0.0,0.0,0.1,0.1,0.3,0.4,0.1,0.1,0.3,0.1,3.0,2.3000000000000003,0.625,Wing,False
466,447,Jae'Sean Tate,SF,28,HOU,34,8,19.4,2.0,4.1,0.489,0.5,1.6,0.321,1.5,2.5,0.6,0.553,0.6,0.8,0.714,1.1,2.6,3.6,1.1,0.8,0.2,0.4,2.6,5.2,8.200000000000001,0.5840071877807728,Wing,False
467,448,Jayson Tatum,PF,25,BOS,34,34,36.6,9.4,19.7,0.48,3.3,8.7,0.374,6.2,10.9,0.565,0.563,5.8,7.1,0.815,0.9,7.6,8.5,4.5,1.0,0.5,2.8,2.1,28.0,28.1,0.6133894146512443,Big,False
468,449,Terry Taylor,PF,24,CHI,14,0,7.1,0.9,1.4,0.6,0.0,0.3,0.0,0.9,1.1,0.75,0.6,0.1,0.1,1.0,0.8,0.4,1.2,0.2,0.2,0.1,0.4,0.7,1.8,2.6000000000000005,0.6232686980609419,Big,False
469,450,Garrett Temple,SG,37,TOR,8,0,3.9,0.8,1.0,0.75,0.3,0.3,1.0,0.5,0.8,0.667,0.875,0.3,0.3,1.0,0.0,0.5,0.5,0.5,0.1,0.0,0.1,0.3,2.0,2.8000000000000003,0.8833922261484098,Backcourt,False
470,451,Dalen Terry,SG,21,CHI,23,1,10.3,0.8,2.0,0.413,0.3,1.1,0.231,0.6,0.9,0.65,0.478,0.5,0.6,0.786,0.3,1.4,1.7,1.3,0.2,0.3,0.5,1.2,2.4,4.1,0.5300353356890458,Backcourt,False
471,452,Daniel Theis,C,31,TOT,27,0,16.3,2.6,5.1,0.511,0.4,0.9,0.417,2.2,4.2,0.531,0.547,0.9,1.2,0.758,1.5,1.9,3.4,0.8,0.4,0.8,0.7,2.3,6.5,8.400000000000002,0.5774697938877044,Big,False
472,452,Daniel Theis,C,31,IND,1,0,8.0,1.0,4.0,0.25,0.0,1.0,0.0,1.0,3.0,0.333,0.25,0.0,0.0,0.0,0.0,0.0,0.0,0.0,0.0,0.0,0.0,1.0,2.0,-1.0,0.25,Big,False
473,452,Daniel Theis,C,31,LAC,26,0,16.6,2.7,5.1,0.519,0.4,0.9,0.435,2.3,4.2,0.536,0.556,1.0,1.3,0.758,1.5,2.0,3.5,0.8,0.4,0.8,0.7,2.3,6.7,8.8,0.590620592383639,Big,False
474,453,Cam Thomas,SG,22,BRK,28,20,28.5,7.5,17.4,0.431,1.9,5.4,0.358,5.6,12.0,0.464,0.487,3.4,4.2,0.812,0.3,2.2,2.5,2.1,0.6,0.3,1.6,1.9,20.3,13.500000000000005,0.527327514546966,Backcourt,True
475,454,Amen Thompson,SF,21,HOU,17,0,15.5,2.1,4.8,0.427,0.2,1.5,0.154,1.8,3.3,0.554,0.451,1.1,1.8,0.613,0.6,2.8,3.4,1.9,0.8,0.2,1.2,1.9,5.5,7.200000000000002,0.49177396280400576,Wing,False
476,455,Ausar Thompson,SF,21,DET,38,24,23.8,3.3,7.5,0.444,0.2,1.7,0.138,3.1,5.8,0.534,0.46,1.3,1.8,0.686,2.1,4.6,6.7,2.1,0.9,1.0,1.4,3.1,8.2,12.799999999999999,0.49445248432223826,Wing,False
477,456,Klay Thompson,SF,33,GSW,36,36,30.1,6.0,13.9,0.428,3.2,8.4,0.385,2.8,5.6,0.493,0.544,1.9,2.1,0.907,0.5,3.1,3.6,2.2,0.5,0.5,1.7,1.9,17.1,14.100000000000001,0.5767674042093902,Wing,False
478,457,Tristan Thompson,PF,32,CLE,31,0,11.8,1.6,2.5,0.671,0.0,0.0,0.0,1.6,2.5,0.671,0.671,0.4,1.2,0.333,1.7,2.0,3.8,1.1,0.2,0.3,0.6,1.5,3.7,6.8,0.6109643328929987,Big,False
479,458,JT Thor,PF,21,CHO,29,1,15.0,1.3,3.6,0.365,0.5,1.6,0.298,0.8,2.0,0.421,0.433,0.1,0.2,0.429,0.9,1.7,2.7,0.4,0.2,0.4,0.2,1.1,3.2,4.300000000000002,0.43383947939262474,Big,False
480,459,Matisse Thybulle,SF,26,POR,35,13,23.1,2.0,4.8,0.425,1.5,3.8,0.381,0.6,0.9,0.606,0.578,0.3,0.3,0.75,0.5,1.7,2.1,1.1,1.6,0.9,0.6,1.2,5.8,8.1,0.5879967558799676,Wing,False
481,460,Xavier Tillman Sr.,C,25,MEM,25,8,18.7,2.3,5.8,0.393,0.4,1.6,0.244,1.9,4.2,0.452,0.428,0.4,1.0,0.385,1.7,2.9,4.6,1.4,1.0,0.9,0.8,1.6,5.4,8.4,0.4326923076923077,Big,False
482,461,Jacob Toppin,SF,23,NYK,3,0,1.3,0.0,0.0,0.0,0.0,0.0,0.0,0.0,0.0,0.0,0.0,0.0,0.0,0.0,0.0,0.0,0.0,0.3,0.0,0.3,0.0,0.0,0.0,0.6,0.0,Wing,False
483,462,Obi Toppin,PF,25,IND,37,28,23.9,4.5,7.8,0.579,1.4,3.5,0.408,3.1,4.3,0.719,0.671,1.1,1.5,0.764,1.1,2.9,3.9,1.5,0.5,0.5,0.8,2.2,11.6,13.499999999999998,0.6855791962174942,Big,False
484,463,Juan Toscano-Anderson,SF,30,SAC,10,0,5.0,0.2,1.0,0.2,0.0,0.3,0.0,0.2,0.7,0.286,0.2,0.0,0.0,0.0,0.4,1.0,1.4,0.4,0.1,0.1,0.2,1.0,0.4,1.4,0.2,Wing,False
485,464,Karl-Anthony Towns,PF,28,MIN,36,36,33.0,7.8,15.4,0.505,1.9,4.8,0.407,5.9,10.7,0.549,0.568,4.2,4.7,0.899,1.6,7.4,9.0,3.1,0.8,0.6,2.9,3.4,21.8,24.299999999999997,0.6239981680787726,Big,False
486,465,Gary Trent Jr.,SG,25,TOR,34,5,25.8,4.2,10.2,0.411,2.2,5.6,0.397,2.0,4.7,0.428,0.519,0.8,1.3,0.651,0.3,2.0,2.3,1.6,0.8,0.1,0.6,1.1,11.4,9.1,0.5291496472335686,Backcourt,False
487,466,Oscar Tshiebwe,PF,24,IND,4,0,4.8,1.3,2.3,0.556,0.0,0.0,0.0,1.3,2.3,0.556,0.556,0.8,1.0,0.75,0.5,0.8,1.3,0.5,0.0,0.0,0.0,0.3,3.3,3.8999999999999995,0.6021897810218978,Big,False
488,467,P.J. Tucker,PF,38,TOT,15,3,15.9,0.4,1.3,0.316,0.3,1.1,0.313,0.1,0.2,0.333,0.447,0.2,0.2,1.0,1.1,1.8,2.9,0.5,0.6,0.2,0.3,2.3,1.3,4.3,0.46829971181556196,Big,False
489,467,P.J. Tucker,PF,38,PHI,3,3,22.0,0.7,1.7,0.4,0.7,1.7,0.4,0.0,0.0,0.0,0.6,0.0,0.0,0.0,0.3,4.3,4.7,0.0,1.0,0.7,0.7,3.0,2.0,6.7,0.5882352941176471,Big,False
490,467,P.J. Tucker,PF,38,LAC,12,0,14.4,0.3,1.2,0.286,0.3,0.9,0.273,0.1,0.3,0.333,0.393,0.3,0.3,1.0,1.3,1.2,2.4,0.7,0.5,0.1,0.2,2.2,1.2,3.7999999999999994,0.45045045045045046,Big,False
491,468,Myles Turner,C,27,IND,36,36,27.8,6.3,11.9,0.53,1.4,4.0,0.345,4.9,7.9,0.625,0.589,3.6,4.4,0.811,1.9,5.6,7.4,1.3,0.5,2.0,1.4,3.1,17.6,21.0,0.6360219716681123,Big,False
492,469,Hunter Tyson,PF,23,DEN,8,0,2.5,0.1,0.5,0.25,0.0,0.4,0.0,0.1,0.1,1.0,0.25,0.0,0.0,0.0,0.0,0.6,0.6,0.1,0.0,0.0,0.0,0.6,0.3,0.5999999999999999,0.3,Big,False
493,470,Stanley Umude,SG,24,DET,15,0,10.3,1.3,2.9,0.455,0.9,1.8,0.519,0.4,1.1,0.353,0.614,1.4,1.5,0.913,0.2,1.7,1.9,0.5,0.3,0.3,0.7,1.6,5.0,5.6000000000000005,0.7022471910112359,Backcourt,False
494,471,Jonas Valan?i?nas,C,31,NOP,38,38,26.8,5.7,9.8,0.575,0.7,1.9,0.38,4.9,8.0,0.62,0.611,2.2,2.7,0.798,2.4,7.3,9.7,2.3,0.6,1.2,1.5,3.2,14.2,21.9,0.6461594466690934,Big,False
495,472,Jarred Vanderbilt,PF,24,LAL,17,5,17.8,1.1,3.1,0.365,0.1,0.9,0.067,1.1,2.2,0.486,0.375,0.2,0.4,0.667,1.2,2.9,4.1,0.9,0.6,0.2,0.6,1.6,2.5,5.499999999999999,0.38156288156288154,Big,False
496,473,Fred VanVleet,PG,29,HOU,35,35,37.4,5.7,14.2,0.404,3.1,8.0,0.394,2.6,6.2,0.417,0.515,2.9,3.4,0.873,0.3,3.6,3.9,8.5,1.1,0.7,1.7,1.9,17.6,21.1,0.5606523955147809,Backcourt,False
497,474,Devin Vassell,SG,23,SAS,31,25,30.6,6.9,14.5,0.472,2.6,7.0,0.378,4.2,7.5,0.56,0.563,2.3,2.8,0.814,0.4,3.0,3.4,3.1,1.3,0.2,1.2,1.1,18.6,17.3,0.5911517925247903,Backcourt,True
498,475,Sasha Vezenkov,PF,28,SAC,28,0,13.2,2.1,4.8,0.436,1.1,3.0,0.357,1.0,1.8,0.571,0.549,0.2,0.3,0.75,0.8,1.8,2.6,0.5,0.5,0.2,0.3,1.0,5.4,6.1000000000000005,0.5474452554744527,Big,False
499,476,Gabe Vincent,PG,27,LAL,5,0,25.4,2.4,6.4,0.375,0.4,3.4,0.118,2.0,3.0,0.667,0.406,0.2,0.4,0.5,0.4,0.6,1.0,3.0,1.2,0.0,0.4,2.4,5.4,5.999999999999999,0.4105839416058394,Backcourt,False
500,477,Nikola Vu?evi?,C,33,CHI,34,32,33.8,7.1,15.5,0.457,1.1,3.9,0.269,6.0,11.6,0.522,0.491,1.4,1.6,0.875,2.7,7.7,10.4,3.4,0.8,0.7,1.6,2.7,16.7,21.8,0.5153048629967909,Big,False
501,478,Dean Wade,PF,27,CLE,29,22,21.6,1.7,4.3,0.397,1.3,3.7,0.368,0.4,0.7,0.55,0.552,0.4,0.5,0.786,1.0,3.6,4.6,0.9,0.8,0.3,0.5,2.1,5.2,8.600000000000003,0.5752212389380532,Big,False
502,479,Franz Wagner,SF,22,ORL,34,34,33.4,7.7,16.5,0.467,1.4,4.8,0.288,6.3,11.7,0.54,0.509,4.1,4.8,0.852,1.1,4.8,5.9,3.9,1.1,0.4,1.9,2.3,20.9,20.799999999999997,0.561465721040189,Wing,True
503,480,Moritz Wagner,C,26,ORL,37,1,19.4,4.5,7.5,0.594,0.6,1.8,0.318,3.9,5.7,0.679,0.631,2.0,2.6,0.781,1.6,3.1,4.7,1.2,0.5,0.3,1.2,2.3,11.5,13.4,0.6652012956964368,Big,False
504,481,Ish Wainright,SF,29,POR,7,0,6.6,0.9,2.6,0.333,0.9,2.3,0.375,0.0,0.3,0.0,0.5,0.3,0.3,1.0,0.0,1.3,1.3,0.0,0.3,0.1,0.1,0.6,2.9,2.7999999999999994,0.5307467057101024,Wing,False
505,482,Jabari Walker,SF,21,POR,33,0,18.8,2.9,5.9,0.485,0.5,1.8,0.267,2.4,4.1,0.581,0.526,1.8,2.3,0.766,1.8,3.6,5.5,0.8,0.7,0.4,0.9,2.3,8.0,11.0,0.5787037037037036,Wing,False
506,483,Jarace Walker,PF,20,IND,12,0,8.3,1.3,2.8,0.441,0.4,1.2,0.357,0.8,1.7,0.5,0.515,0.5,0.6,0.857,0.2,0.9,1.1,1.1,0.3,0.3,0.3,1.0,3.4,4.3,0.5548302872062663,Big,False
507,484,Lonnie Walker IV,SG,25,BRK,19,0,19.7,4.6,9.7,0.476,2.3,5.2,0.449,2.3,4.6,0.506,0.595,1.5,2.0,0.763,0.2,2.3,2.5,1.5,0.6,0.4,1.3,0.9,13.1,11.200000000000001,0.6190926275992439,Backcourt,False
508,485,Cason Wallace,SG,20,OKC,36,6,21.6,2.7,5.1,0.524,1.1,2.6,0.43,1.6,2.6,0.62,0.632,0.4,0.5,0.842,0.5,1.6,2.1,1.5,0.6,0.5,0.5,1.7,6.9,8.6,0.6484962406015039,Backcourt,False
509,486,P.J. Washington,PF,25,CHO,30,13,28.6,4.9,11.5,0.424,1.8,5.6,0.314,3.1,5.8,0.531,0.501,1.5,2.0,0.763,1.2,4.0,5.2,2.3,0.9,0.7,1.5,2.5,13.0,13.499999999999998,0.5250403877221325,Big,False
510,487,TyTy Washington Jr.,PG,22,MIL,2,0,3.0,0.5,1.5,0.333,0.5,1.0,0.5,0.0,0.5,0.0,0.5,0.0,0.0,0.0,0.0,0.5,0.5,0.0,0.5,0.0,1.0,0.0,1.5,0.5,0.5,Backcourt,False
511,488,Yuta Watanabe,SF,29,PHO,24,0,15.0,1.3,3.8,0.337,1.0,3.0,0.315,0.3,0.8,0.421,0.462,0.4,0.6,0.667,0.5,1.3,1.8,0.4,0.3,0.3,0.6,1.3,4.0,3.4999999999999996,0.4921259842519685,Wing,False
512,489,Lindy Waters III,SG,26,OKC,13,0,7.5,1.1,2.5,0.438,1.0,2.4,0.419,0.1,0.1,1.0,0.641,0.0,0.0,0.0,0.1,0.7,0.8,0.5,0.0,0.1,0.1,0.7,3.2,3.0999999999999996,0.64,Backcourt,False
513,490,Trendon Watford,PF,23,BRK,26,0,13.0,2.5,4.7,0.537,0.3,0.8,0.364,2.2,3.8,0.576,0.57,0.9,1.1,0.828,0.9,2.2,3.2,1.7,0.5,0.3,0.9,1.6,6.2,8.6,0.5979938271604939,Big,False
514,491,Peyton Watson,SF,21,DEN,37,2,17.7,2.6,5.4,0.49,0.7,2.0,0.342,2.0,3.4,0.575,0.553,1.0,1.5,0.704,0.6,2.1,2.7,1.0,0.5,0.8,0.5,1.7,7.0,8.2,0.5775577557755776,Wing,False
515,492,Victor Wembanyama,PF,20,SAS,32,32,28.9,7.1,15.8,0.447,1.4,5.0,0.288,5.6,10.8,0.52,0.492,3.7,4.6,0.796,2.1,8.1,10.2,3.1,1.2,3.2,3.1,2.3,19.2,24.200000000000003,0.5385996409335726,Big,True
516,493,Blake Wesley,SG,20,SAS,15,0,8.2,1.1,2.3,0.5,0.0,0.4,0.0,1.1,1.9,0.607,0.5,0.5,1.0,0.467,0.2,0.6,0.8,1.5,0.3,0.1,0.3,1.2,2.7,3.3999999999999995,0.49270072992700736,Backcourt,False
517,494,Russell Westbrook,PG,35,LAC,37,10,23.1,4.4,9.5,0.459,0.6,2.3,0.271,3.8,7.2,0.519,0.492,1.4,2.2,0.654,1.5,4.4,5.9,4.6,1.1,0.5,2.2,1.9,10.8,14.800000000000004,0.5158578525028659,Backcourt,False
518,495,Coby White,PG,23,CHI,39,39,35.4,6.5,14.6,0.449,2.9,7.3,0.402,3.6,7.2,0.496,0.55,2.4,2.9,0.826,0.4,4.0,4.5,4.9,0.7,0.3,2.1,2.5,18.5,18.199999999999996,0.5826404635928446,Backcourt,True
519,496,Derrick White,SG,29,BOS,34,34,32.4,5.4,11.5,0.474,2.6,6.5,0.407,2.8,5.0,0.562,0.59,2.6,2.9,0.9,0.7,3.4,4.1,5.2,1.1,1.2,1.7,2.3,16.2,19.699999999999996,0.6340012523481527,Backcourt,False
520,497,Cam Whitmore,SF,19,HOU,13,0,12.8,3.4,6.3,0.537,1.1,2.5,0.424,2.3,3.8,0.612,0.622,1.1,1.6,0.667,0.5,2.2,2.7,0.3,0.8,0.1,0.8,1.2,8.9,8.600000000000001,0.6353512278697887,Wing,False
521,498,Aaron Wiggins,SG,25,OKC,34,0,12.5,2.0,3.4,0.591,0.5,1.0,0.486,1.5,2.4,0.638,0.665,0.6,0.8,0.741,0.6,1.6,2.3,0.8,0.4,0.1,0.5,1.1,5.1,6.599999999999999,0.679637526652452,Backcourt,False
522,499,Andrew Wiggins,SF,28,GSW,33,22,25.8,4.5,10.7,0.418,0.9,3.2,0.298,3.5,7.5,0.468,0.462,1.9,2.7,0.689,1.7,2.4,4.1,1.3,0.3,0.4,1.5,2.3,11.7,9.299999999999997,0.49209286675639297,Wing,False
523,500,Lindell Wigginton,PG,25,MIL,3,0,2.7,0.7,1.7,0.4,0.0,0.7,0.0,0.7,1.0,0.667,0.4,0.7,0.7,1.0,0.0,0.0,0.0,0.0,0.0,0.0,0.3,0.3,2.0,0.7,0.49800796812749004,Backcourt,False
524,501,Brandon Williams,PG,24,DAL,4,0,6.5,1.0,2.0,0.5,0.3,0.3,1.0,0.8,1.8,0.429,0.563,0.5,1.3,0.4,0.5,0.5,1.0,1.0,0.3,0.3,0.5,0.3,2.8,3.0999999999999996,0.5443234836702955,Backcourt,False
525,502,Grant Williams,PF,25,DAL,34,27,27.1,2.9,7.0,0.418,1.8,4.6,0.38,1.1,2.3,0.494,0.544,0.8,1.1,0.667,1.0,2.6,3.6,1.6,0.4,0.6,1.0,2.8,8.4,9.2,0.5611972207375735,Big,False
526,503,Jalen Williams,PF,22,OKC,33,33,32.1,7.0,12.9,0.539,1.3,3.0,0.44,5.6,9.9,0.569,0.59,2.9,3.5,0.835,0.4,3.7,4.1,4.4,1.1,0.5,1.9,2.7,18.2,19.9,0.6301939058171744,Big,True
527,504,Jaylin Williams,C,21,OKC,30,0,11.5,1.2,3.0,0.385,0.7,2.0,0.339,0.5,1.1,0.469,0.495,0.5,0.5,0.933,0.4,2.7,3.1,1.4,0.3,0.2,0.3,1.6,3.5,6.4,0.5434782608695652,Big,False
528,505,Jeenathan Williams,SG,24,HOU,4,0,5.5,1.5,2.8,0.545,0.0,0.5,0.0,1.5,2.3,0.667,0.545,0.3,0.5,0.5,0.0,0.0,0.0,0.5,0.3,0.0,0.0,0.5,3.3,2.5999999999999996,0.5463576158940397,Backcourt,False
529,506,Kenrich Williams,PF,29,OKC,25,0,15.6,1.8,3.8,0.489,0.8,1.9,0.447,1.0,1.9,0.532,0.601,0.1,0.4,0.3,0.8,2.0,2.8,1.7,0.6,0.1,0.4,1.6,4.6,7.099999999999999,0.5784708249496981,Big,False
530,507,Mark Williams,C,22,CHO,19,19,26.7,5.2,7.9,0.649,0.0,0.0,0.0,5.2,7.9,0.649,0.649,2.4,3.4,0.719,4.0,5.7,9.7,1.2,0.8,1.1,0.9,2.6,12.7,20.900000000000002,0.6758194976585781,Big,True
531,508,Patrick Williams,PF,22,CHI,38,27,27.3,3.7,8.2,0.448,1.3,3.2,0.41,2.3,4.9,0.473,0.529,1.2,1.6,0.767,1.1,2.8,3.9,1.4,0.9,0.8,1.3,1.8,9.8,10.6,0.5503144654088051,Big,False
532,509,Robert Williams,C,26,POR,6,0,19.8,2.8,4.3,0.654,0.0,0.0,0.0,2.8,4.3,0.654,0.654,1.2,1.5,0.778,1.8,4.5,6.3,0.8,1.2,1.2,1.2,2.8,6.8,13.3,0.6854838709677419,Big,False
533,510,Vince Williams Jr.,SG,23,MEM,27,8,21.9,1.8,4.7,0.375,1.2,3.5,0.351,0.6,1.3,0.441,0.504,1.1,1.3,0.833,1.1,4.0,5.1,1.8,0.6,0.6,0.9,2.4,5.9,10.0,0.5595599393019727,Backcourt,False
534,511,Ziaire Williams,SF,22,MEM,35,8,18.9,2.8,6.9,0.411,1.1,3.5,0.331,1.7,3.4,0.492,0.494,1.0,1.2,0.837,0.6,2.9,3.5,1.3,0.5,0.3,1.2,1.7,7.8,7.900000000000001,0.5250403877221324,Wing,False
535,512,Zion Williamson,PF,23,NOP,31,31,30.2,8.5,14.6,0.584,0.1,0.3,0.333,8.4,14.3,0.589,0.587,4.6,6.9,0.664,1.9,4.1,5.9,4.6,1.0,0.4,2.6,2.7,21.7,22.599999999999998,0.615218870492175,Big,True
536,513,Jalen Wilson,PF,23,BRK,11,0,9.5,1.5,2.9,0.5,0.2,0.7,0.25,1.3,2.2,0.583,0.531,1.4,1.4,1.0,1.4,0.8,2.2,0.8,0.3,0.1,0.3,0.8,4.5,6.2,0.6399317406143344,Big,False
537,514,Dylan Windler,SF,27,NYK,3,0,2.3,0.3,0.7,0.5,0.3,0.7,0.5,0.0,0.0,0.0,0.75,0.0,0.0,0.0,0.0,0.3,0.3,0.3,0.0,0.0,0.0,0.3,1.0,1.2000000000000002,0.7142857142857143,Wing,False
538,515,James Wiseman,C,22,DET,27,0,15.0,2.7,4.0,0.679,0.0,0.1,0.0,2.7,4.0,0.692,0.679,0.8,1.3,0.618,1.4,2.8,4.2,0.7,0.1,0.7,0.9,2.1,6.3,9.299999999999999,0.6889763779527559,Big,False
539,516,Christian Wood,PF,28,LAL,33,1,19.2,2.6,5.4,0.48,0.8,2.4,0.338,1.8,3.0,0.596,0.556,1.3,2.0,0.667,0.9,4.7,5.6,1.0,0.2,0.7,1.2,1.6,7.4,10.2,0.589171974522293,Big,False
540,517,Delon Wright,PG,31,WAS,16,0,17.0,1.5,4.1,0.369,0.4,1.4,0.304,1.1,2.6,0.405,0.423,1.1,1.4,0.783,0.4,1.9,2.3,3.3,1.4,0.2,0.6,0.8,4.6,8.299999999999999,0.4877014418999152,Backcourt,False
541,518,Thaddeus Young,PF,35,TOR,10,2,8.7,1.6,2.6,0.615,0.1,0.3,0.333,1.5,2.3,0.652,0.635,0.1,0.3,0.333,0.6,1.0,1.6,1.4,0.7,0.1,0.7,0.8,3.4,5.3,0.6222547584187408,Big,False
542,519,Trae Young,PG,25,ATL,34,34,36.6,8.6,20.0,0.429,3.4,9.3,0.362,5.2,10.8,0.486,0.512,7.3,8.5,0.855,0.4,2.6,3.0,11.0,1.4,0.2,4.3,2.0,27.8,26.5,0.5855096882898062,Backcourt,False
543,520,Omer Yurtseven,C,25,UTA,22,6,11.3,1.6,3.4,0.486,0.1,0.7,0.2,1.5,2.7,0.559,0.507,0.3,0.5,0.6,1.5,2.9,4.4,0.6,0.2,0.5,1.0,1.5,3.7,6.4,0.511049723756906,Big,False
544,521,Cody Zeller,C,31,NOP,28,0,9.0,0.7,1.8,0.388,0.0,0.1,0.333,0.6,1.6,0.391,0.398,0.7,1.2,0.606,1.2,1.6,2.8,1.1,0.1,0.1,0.4,1.3,2.1,4.199999999999999,0.4510309278350515,Big,False
545,522,Ivica Zubac,C,26,LAC,37,37,27.2,5.4,8.2,0.659,0.0,0.0,0.0,5.4,8.2,0.659,0.659,1.8,2.8,0.641,3.2,6.5,9.7,1.3,0.2,1.4,1.2,2.9,12.5,20.099999999999998,0.6626378286683631,Big,False
